AppName,RelPath,File,SourceCategory,SourceKind,Line,Func,QueryHash,ObjectName,DbName,SchemaName,BaseName,IsCrossDb,IsLinkedServer,Role,DmlKind,IsWrite,IsObjectNameDynamic
dotnet-sample,ANTSNAModel.cs,ANTSNAModel.cs,code,csharp,41,PopulateComboParam,f4b76b7166e6711e4af6aa0cae13eab3ba033a8d,dbo.ANTSNAGetMasterParam,,dbo,ANTSNAGetMasterParam,false,false,exec,EXEC,true,false
dotnet-sample,ANTSNAModel.cs,ANTSNAModel.cs,code,csharp,51,PopulateColumnParam,c6e8aa139be161eaf228e80947baf027ff13ab70,dbo.ANTSNAGetColumnParam,,dbo,ANTSNAGetColumnParam,false,false,exec,EXEC,true,false
dotnet-sample,ANTSNAModel.cs,ANTSNAModel.cs,code,csharp,77,PopulateANTSNAData,bccb476ccfed1693d8d4fa19756d1b1fe9213fa2,dbo.ANTSNAPopulateData,,dbo,ANTSNAPopulateData,false,false,exec,EXEC,true,false
dotnet-sample,ANTSNAModel.cs,ANTSNAModel.cs,code,csharp,87,PopulateParamReference,44a7db5f248374fcab4797fa4a6680ee2be1b7de,dbo.ANTSNAPopulateParamReference,,dbo,ANTSNAPopulateParamReference,false,false,exec,EXEC,true,false
dotnet-sample,ANTSNAModel.cs,ANTSNAModel.cs,code,csharp,100,ValidateANTSNA,1e7f97a3cea7a9556df5912d62679fd351151a2a,dbo.ANTSNAValidateField,,dbo,ANTSNAValidateField,false,false,exec,EXEC,true,false
dotnet-sample,ANTSNAModel.cs,ANTSNAModel.cs,code,csharp,120,SubmitANTSNA,f118f1cb8a8fa1006c601ef76fd29033766003c1,dbo.ANTSNASubmitForm,,dbo,ANTSNASubmitForm,false,false,exec,EXEC,true,false
dotnet-sample,ANTSNAModel.cs,ANTSNAModel.cs,code,csharp,132,GetSpecificGeneralParam,be0e8de0cb4d083a247eb20ea117bee9bf88ab6b,dbo.ANTSNAGetGeneralParam,,dbo,ANTSNAGetGeneralParam,false,false,exec,EXEC,true,false
dotnet-sample,ANTSNAModel.cs,ANTSNAModel.cs,code,csharp,146,PopulateListProduct,6da0280841ec7f96f9841f93fdb21584d6187d98,dbo.ANTSNAPopulateProduct,,dbo,ANTSNAPopulateProduct,false,false,exec,EXEC,true,false
dotnet-sample,ANTSNAModel.cs,ANTSNAModel.cs,code,csharp,163,UpdateStatusDataANTSNA,4da987db2b46d935a4059834830591699fecbf57,StatusData,,,StatusData,false,false,exec,EXEC,true,false
dotnet-sample,ANTSNAModel.cs,ANTSNAModel.cs,code,csharp,176,GenerateDataANTSNA,0d18de1e11573e9a633403fe02d0199b7722ff27,dbo.ANTSNAGenerateFile,,dbo,ANTSNAGenerateFile,false,false,exec,EXEC,true,false
dotnet-sample,ANTSNAModel.cs,ANTSNAModel.cs,code,csharp,280,UpdateLCS,360c21f5de332cab0aef6ca1d92dae3408a96ddf,DataLCS,,,DataLCS,false,false,exec,EXEC,true,false
dotnet-sample,ApprovalParamGLModel.cs,ApprovalParamGLModel.cs,code,csharp,29,PopulateApprovalParamGL,cb190347355965333798f309710132a88c486514,TRSPopulateApprovalParameterGL,,,TRSPopulateApprovalParameterGL,false,false,exec,EXEC,true,false
dotnet-sample,ApprovalParamGLModel.cs,ApprovalParamGLModel.cs,code,csharp,51,SaveApprovalParamGL,a831ecc162a89e2a2fdf5225bb1c1790a933bfe8,TRSApprovalParamGL,,,TRSApprovalParamGL,false,false,exec,EXEC,true,false
dotnet-sample,ApprovalSIDModel.cs,ApprovalSIDModel.cs,code,csharp,29,PopulateApprovalSID,5bf7ffd53a472a94fe4f2497cc5ed6d7378bd50f,TRSPopulateApprovalSID,,,TRSPopulateApprovalSID,false,false,exec,EXEC,true,false
dotnet-sample,ApprovalSIDModel.cs,ApprovalSIDModel.cs,code,csharp,57,ApproveSID,64854a3c5d92df3c24c6da0a94b7493197ed3c54,TRSApproveSID,,,TRSApproveSID,false,false,exec,EXEC,true,false
dotnet-sample,ApprovalSIDModel.cs,ApprovalSIDModel.cs,code,csharp,81,UpdateStatusNotifNTI,c4dc62d82d953519b50b94a5ee6ab874cc7271c7,StatusNotif,,,StatusNotif,false,false,exec,EXEC,true,false
dotnet-sample,ApprovalSIDModel.cs,ApprovalSIDModel.cs,code,csharp,99,InsertLogOneNotif,8b87f2942302052096ea9cb79a487ca45470115c,TRSInsertLogOneNotifNTI,,,TRSInsertLogOneNotifNTI,false,false,exec,EXEC,true,false
dotnet-sample,clsAntasenaService.cs,clsAntasenaService.cs,code,csharp,301,ISNULL,06d36de93028eb64a8fcae153cbc731ada883049,eq,,,eq,false,false,exec,EXEC,true,false
dotnet-sample,clsAntasenaService.cs,clsAntasenaService.cs,code,csharp,301,ISNULL,06d36de93028eb64a8fcae153cbc731ada883049,openxml,,,openxml,false,false,exec,EXEC,true,false
dotnet-sample,clsAntasenaService.cs,clsAntasenaService.cs,code,csharp,301,ISNULL,06d36de93028eb64a8fcae153cbc731ada883049,sp_xml_preparedocument,,,sp_xml_preparedocument,false,false,exec,EXEC,true,false
dotnet-sample,clsAntasenaService.cs,clsAntasenaService.cs,code,csharp,301,ISNULL,06d36de93028eb64a8fcae153cbc731ada883049,dbo.,,dbo,,false,false,exec,EXEC,true,false
dotnet-sample,clsAntasenaService.cs,clsAntasenaService.cs,code,csharp,426,ISNULL,527ad1a91cdcc3ac344256a385491a197afa6ba1,eq,,,eq,false,false,target,DELETE,true,false
dotnet-sample,clsAntasenaService.cs,clsAntasenaService.cs,code,csharp,426,ISNULL,527ad1a91cdcc3ac344256a385491a197afa6ba1,dbo.,,dbo,,false,false,source,SELECT,false,false
dotnet-sample,clsAntasenaService.cs,clsAntasenaService.cs,code,csharp,426,ISNULL,527ad1a91cdcc3ac344256a385491a197afa6ba1,dbo.VLSResultFinalToday_TT,,dbo,VLSResultFinalToday_TT,false,false,source,SELECT,false,false
dotnet-sample,clsAntasenaService.cs,clsAntasenaService.cs,code,csharp,426,ISNULL,527ad1a91cdcc3ac344256a385491a197afa6ba1,dbo.VLSSummaryToday_TM,,dbo,VLSSummaryToday_TM,false,false,source,SELECT,false,false
dotnet-sample,clsAntasenaService.cs,clsAntasenaService.cs,code,csharp,426,ISNULL,527ad1a91cdcc3ac344256a385491a197afa6ba1,dbo.VLSTransactionsToday_TR,,dbo,VLSTransactionsToday_TR,false,false,source,SELECT,false,false
dotnet-sample,clsAntasenaService.cs,clsAntasenaService.cs,code,csharp,566,VARCHAR,37336257502dc47a7e3f32e5bf8449f9c077780d,openxml,,,openxml,false,false,exec,EXEC,true,false
dotnet-sample,clsAntasenaService.cs,clsAntasenaService.cs,code,csharp,566,VARCHAR,37336257502dc47a7e3f32e5bf8449f9c077780d,sp_xml_preparedocument,,,sp_xml_preparedocument,false,false,exec,EXEC,true,false
dotnet-sample,clsAntasenaService.cs,clsAntasenaService.cs,code,csharp,566,VARCHAR,37336257502dc47a7e3f32e5bf8449f9c077780d,tr,,,tr,false,false,exec,EXEC,true,false
dotnet-sample,clsAntasenaService.cs,clsAntasenaService.cs,code,csharp,566,VARCHAR,37336257502dc47a7e3f32e5bf8449f9c077780d,dbo.,,dbo,,false,false,exec,EXEC,true,false
dotnet-sample,clsDataAccess1.cs,clsDataAccess1.cs,code,csharp,24,GetGeneralParam,75b719ef2434bcdd982b6db5ac8eb58c22570719,dbo.SBNSchedGetGeneralParam,,dbo,SBNSchedGetGeneralParam,false,false,exec,EXEC,true,false
dotnet-sample,clsDataAccess1.cs,clsDataAccess1.cs,code,csharp,49,InsertLiveLog,220945f9849cb6e9033a0301fd0cab72f729e4a4,dbo.SBNSchedCreateLiveLog,,dbo,SBNSchedCreateLiveLog,false,false,exec,EXEC,true,false
dotnet-sample,clsDataAccess1.cs,clsDataAccess1.cs,code,csharp,91,InvestorUpdateResponse,6b113e76ba2fbcd113568d771872b97288d0e015,ResponseInvestor,,,ResponseInvestor,false,false,exec,EXEC,true,false
dotnet-sample,clsDataAccess1.cs,clsDataAccess1.cs,code,csharp,124,InvestorPopulateRegData,8bbe98875327365fe3e7cc033498cf64cc01e500,dbo.SBNSchedPopulateRegInvestor,,dbo,SBNSchedPopulateRegInvestor,false,false,exec,EXEC,true,false
dotnet-sample,clsDataAccess1.cs,clsDataAccess1.cs,code,csharp,165,InvestorPopulateRegData,2c3e4f4d2c149dbaf23a3592bf209d2a5a817878,dbo.SBNSchedPopulateRegInvestorForOrder,,dbo,SBNSchedPopulateRegInvestorForOrder,false,false,exec,EXEC,true,false
dotnet-sample,clsDataAccess1.cs,clsDataAccess1.cs,code,csharp,202,StatusORIOrderPopulate,39cb1951277cf896b93d53c2671e26d339b12da6,dbo.SBNSchedGetDataStatusPemesanan,,dbo,SBNSchedGetDataStatusPemesanan,false,false,exec,EXEC,true,false
dotnet-sample,clsDataAccess1.cs,clsDataAccess1.cs,code,csharp,272,StatusORIOrderProcess,5c1b8e85650e984809035e009bbbab54e78f617f,StatusPemesananORI,,,StatusPemesananORI,false,false,exec,EXEC,true,false
dotnet-sample,clsDataAccess1.cs,clsDataAccess1.cs,code,csharp,308,ORIOrderPopulateMainSched,18bcf9da904fd1d33acfbd4dfd5e49a74c43d572,dbo.SBNSchedPopulateORIOrder,,dbo,SBNSchedPopulateORIOrder,false,false,exec,EXEC,true,false
dotnet-sample,clsDataAccess1.cs,clsDataAccess1.cs,code,csharp,347,ORIOrderUpdateResponse,f6db95a49d18846bf766a27cc0a87d8ab4109458,ResponseOrderORI,,,ResponseOrderORI,false,false,exec,EXEC,true,false
dotnet-sample,clsDataAccess1.cs,clsDataAccess1.cs,code,csharp,391,NotifUpdateStatus,ce12a0979c43ea9e93402df879ac1cf1f0d93516,NotifStatus,,,NotifStatus,false,false,exec,EXEC,true,false
dotnet-sample,clsDataAccess1.cs,clsDataAccess1.cs,code,csharp,425,NotifPopulateData,36e773e2d514e96345f8e87f82b4e4d1469d55a7,dbo.SBNSchedPopulateNotif,,dbo,SBNSchedPopulateNotif,false,false,exec,EXEC,true,false
dotnet-sample,clsDataAccess1.cs,clsDataAccess1.cs,code,csharp,463,ExecQuery,2dadba2a19525dab48053a77737c5a69c852185c,Query,,,Query,false,false,exec,EXEC,true,false
dotnet-sample,clsDataAccess1.cs,clsDataAccess1.cs,code,csharp,543,LogPaymentDirect,055cdf2f6482e622ba61acb2b9cc643a98330bc3,dbo.SBNSchedLogORIPaymentDirect,,dbo,SBNSchedLogORIPaymentDirect,false,false,exec,EXEC,true,false
dotnet-sample,clsDataAccess1.cs,clsDataAccess1.cs,code,csharp,583,LogUnblokirAPI,c8940190c7437aa3bd1041029c037117f9aa5462,dbo.sp_sbn_log_unblokir_api,,dbo,sp_sbn_log_unblokir_api,false,false,exec,EXEC,true,false
dotnet-sample,clsDataAccess2.cs,clsDataAccess2.cs,code,csharp,110,NTIUpdateReviewedCustomerID,a43a58f43b2d016c8982bcfd1030bcdaace9d5ad,ReviewedCustomerID,,,ReviewedCustomerID,false,false,exec,EXEC,true,false
dotnet-sample,clsDataAccess2.cs,clsDataAccess2.cs,code,csharp,145,ValidateCustomer,d1e866092270fc7ec4ed36cb3e8660181d038046,dbo.OMValidateCustomer,,dbo,OMValidateCustomer,false,false,exec,EXEC,true,false
dotnet-sample,clsDataAccess2.cs,clsDataAccess2.cs,code,csharp,228,NTIInsertNew,17a4762dcca58a5db7ec23ad66322a093a9b1587,dbo.OMBranchingNTI,,dbo,OMBranchingNTI,false,false,exec,EXEC,true,false
dotnet-sample,clsDataAccess2.cs,clsDataAccess2.cs,code,csharp,256,Exception,fff50cc0d9590ee7934ef94dc343dfe0243ddd9b,dbo.TRSPopulateMasterNasabahForMurex,,dbo,TRSPopulateMasterNasabahForMurex,false,false,exec,EXEC,true,false
dotnet-sample,clsDataAccess2.cs,clsDataAccess2.cs,code,csharp,353,UpdateStatusTreasuryCust,0ff1c4f724a0b28224a2040864d405f5b7cab88a,StatusTreasuryCust,,,StatusTreasuryCust,false,false,exec,EXEC,true,false
dotnet-sample,clsDataAccess2.cs,clsDataAccess2.cs,code,csharp,367,GetSystemNIK,d9cd47b5bd2c3f639e0085491e4c011e835180d8,dbo.OMGetSystemNIK,,dbo,OMGetSystemNIK,false,false,exec,EXEC,true,false
dotnet-sample,clsDataAccess2.cs,clsDataAccess2.cs,code,csharp,395,GetAPIUrlNotificationV2,21af46e0f57193faded56c9eecc1483446d639a5,dbo.TRSObliGetNotifAPIParam,,dbo,TRSObliGetNotifAPIParam,false,false,exec,EXEC,true,false
dotnet-sample,clsDataAccess2.cs,clsDataAccess2.cs,code,csharp,448,InsertObliNotifLog,d0c071868f32dde2a55ec73ee8b15a9287ff81db,dbo.TRSCallNotifAPILog,,dbo,TRSCallNotifAPILog,false,false,exec,EXEC,true,false
dotnet-sample,clsDataAccess2.cs,clsDataAccess2.cs,code,csharp,491,GetAPIUrlNotification,21af46e0f57193faded56c9eecc1483446d639a5,dbo.TRSObliGetNotifAPIParam,,dbo,TRSObliGetNotifAPIParam,false,false,exec,EXEC,true,false
dotnet-sample,clsDataAccess2.cs,clsDataAccess2.cs,code,csharp,548,GetAPIUrl,2102c7974f6f47b07079e6c54859eca55194059c,dbo.TRSObliGetAPI,,dbo,TRSObliGetAPI,false,false,exec,EXEC,true,false
dotnet-sample,clsDataAccess2.cs,clsDataAccess2.cs,code,csharp,601,APICreateLog,e70f1dc0c064fce5cf494b1b6cb0e4b9af19d865,dbo.TRSObliAPICreateLog,,dbo,TRSObliAPICreateLog,false,false,exec,EXEC,true,false
dotnet-sample,clsDataAccess2.cs,clsDataAccess2.cs,code,csharp,606,APIGetErrorMapping,57a4f36ede9a33f9156b2727c820f9f2ba217ab6,dbo.TRSORIGetAPIErrorMapping,,dbo,TRSORIGetAPIErrorMapping,false,false,exec,EXEC,true,false
dotnet-sample,clsDataAccess2.cs,clsDataAccess2.cs,code,csharp,617,ConvertTIBCOResponse,b4f03a4e611a74e1160490514f557b5647e611db,dbo.ProCIFP2Parse,,dbo,ProCIFP2Parse,false,false,exec,EXEC,true,false
dotnet-sample,clsDataAccess2.cs,clsDataAccess2.cs,code,csharp,685,ORI_Online_PopulateHistory,a3a3751979ea260140a018ca7acc78d9f2fa65a6,dbo.TRSORIOnlinePopulateHist,,dbo,TRSORIOnlinePopulateHist,false,false,exec,EXEC,true,false
dotnet-sample,clsDataAccess2.cs,clsDataAccess2.cs,code,csharp,732,ORI_Online_GetBlockAccountData,b43a5b763b6306ceb84cfcf986c2aef08e432df5,dbo.TRSORIOnlineGetBlockAccountData,,dbo,TRSORIOnlineGetBlockAccountData,false,false,exec,EXEC,true,false
dotnet-sample,clsDataAccess2.cs,clsDataAccess2.cs,code,csharp,777,ORI_Online_NewTransaction,58a68e762c364e0a52f90df6b47ab26a16031e63,dbo.TRSORIOnlineNewTransaction,,dbo,TRSORIOnlineNewTransaction,false,false,exec,EXEC,true,false
dotnet-sample,clsDataAccess2.cs,clsDataAccess2.cs,code,csharp,843,ORI_Online_CheckProductEligibility,407213e443d3d5c3098100c151636728de63ade4,dbo.TRSORICheckProductEligibility,,dbo,TRSORICheckProductEligibility,false,false,exec,EXEC,true,false
dotnet-sample,clsDataAccess2.cs,clsDataAccess2.cs,code,csharp,889,ORI_Online_UpdatePaymentStatus,e08f0b45ff78a5a22a642a533e3f79143db45887,StatusPembayaranOnline,,,StatusPembayaranOnline,false,false,exec,EXEC,true,false
dotnet-sample,clsDataAccess2.cs,clsDataAccess2.cs,code,csharp,919,ORI_Online_GetProductDetail,8a31c664d21b062d9a097b534c34aa73854c7a37,dbo.TRSORIGetProductDetail,,dbo,TRSORIGetProductDetail,false,false,exec,EXEC,true,false
dotnet-sample,clsDataAccess2.cs,clsDataAccess2.cs,code,csharp,959,ORI_Online_GetRegisterInvestor,60b65894a796d4170ffce03ea58b95a1db6d3960,dbo.ORISBNIPopulateRegisterInvestor,,dbo,ORISBNIPopulateRegisterInvestor,false,false,exec,EXEC,true,false
dotnet-sample,clsDataAccess2.cs,clsDataAccess2.cs,code,csharp,998,ORI_Online_SubmitRegisterInvestorPending,bb7a5f94a9e19fecf644a16811cd1438f3bc8edd,dbo.ORISBNISubmitInvestorPending,,dbo,ORISBNISubmitInvestorPending,false,false,exec,EXEC,true,false
dotnet-sample,clsDataAccess2.cs,clsDataAccess2.cs,code,csharp,1039,ORI_Online_GetEarlyRedemptionData,1a9612fb5ea1777afc3116ae9b2d16b942ee2cd7,dbo.ORISBNIPopulateEarlyRedemption,,dbo,ORISBNIPopulateEarlyRedemption,false,false,exec,EXEC,true,false
dotnet-sample,clsDataAccess2.cs,clsDataAccess2.cs,code,csharp,1101,ORISBNISubmitEarlyRedemption,a252cadf8bb8cf4563b17209f8e9f76ae659af2d,dbo.ORISBNISubmitEarlyRedemption,,dbo,ORISBNISubmitEarlyRedemption,false,false,exec,EXEC,true,false
dotnet-sample,clsDataAccess2.cs,clsDataAccess2.cs,code,csharp,1182,TrxSecGetListProduct,a84e105975a0bc5f82db8f369e84ddb06cf8746c,dbo.OMGetListProductSekunder,,dbo,OMGetListProductSekunder,false,false,exec,EXEC,true,false
dotnet-sample,clsDataAccess2.cs,clsDataAccess2.cs,code,csharp,1243,TrxSecGetListTransaction,ec23ea59fa055c38867de74e98d24ff34d436578,dbo.TRSPopulateTransactionBalance,,dbo,TRSPopulateTransactionBalance,false,false,exec,EXEC,true,false
dotnet-sample,clsDataAccess2.cs,clsDataAccess2.cs,code,csharp,1371,TrxSecCalculateTransaction,971166f119619ebfdba05bbb40987d334808df22,dbo.TRSRetailCalculateFee,,dbo,TRSRetailCalculateFee,false,false,exec,EXEC,true,false
dotnet-sample,clsDataAccess2.cs,clsDataAccess2.cs,code,csharp,1462,TrxSecCalculateTransaction,440aea889c671a22157f0147a3c8d104a7a3c33f,dbo.OMTrxSecCalculate,,dbo,OMTrxSecCalculate,false,false,exec,EXEC,true,false
dotnet-sample,clsDataAccess2.cs,clsDataAccess2.cs,code,csharp,1525,ONFXDataTrxInquiry,e3db25ddb04199d75c590b17f530cb0978569a3e,dbo.VELPopulateONFXTrxByDeal,,dbo,VELPopulateONFXTrxByDeal,false,false,exec,EXEC,true,false
dotnet-sample,clsDataAccess2.cs,clsDataAccess2.cs,code,csharp,1604,SecurityTranasctionSubmit,b3987533e94f2670dee6ef49cf77d612836f8574,dbo.OMSubmitTransactionSekunder,,dbo,OMSubmitTransactionSekunder,false,false,exec,EXEC,true,false
dotnet-sample,clsDataAccess2.cs,clsDataAccess2.cs,code,csharp,1647,UpdateAccruedInterest,469dfb8eaf02e3dc6261e15b2a5afdd8f7311c8f,AccruedInterest,,,AccruedInterest,false,false,exec,EXEC,true,false
dotnet-sample,clsDataAccess2.cs,clsDataAccess2.cs,code,csharp,1692,ProcessInsertSecurityTransactionCommit,7957de14fa39149cc902a781c65bcc418914c885,TRSProcessInsertSecurityTransactionCommit,,,TRSProcessInsertSecurityTransactionCommit,false,false,exec,EXEC,true,false
dotnet-sample,clsDataAccess2.cs,clsDataAccess2.cs,code,csharp,1805,calculateORI2,971166f119619ebfdba05bbb40987d334808df22,dbo.TRSRetailCalculateFee,,dbo,TRSRetailCalculateFee,false,false,exec,EXEC,true,false
dotnet-sample,clsDataAccess2.cs,clsDataAccess2.cs,code,csharp,1877,InputTransactionSekunderLog,93c7cc4a5142bf9916a7cd25da39be8c999128e1,dbo.OMInputLogProcess,,dbo,OMInputLogProcess,false,false,exec,EXEC,true,false
dotnet-sample,clsDataAccess2.cs,clsDataAccess2.cs,code,csharp,1897,DeleteTransactionSekunder,381839bc60b84083a92601515eb733800c9f213c,ProcessInputSecurityMaster,,,ProcessInputSecurityMaster,false,false,exec,EXEC,true,false
dotnet-sample,clsDataAccess2.cs,clsDataAccess2.cs,code,csharp,1925,UpdateStatusSecurityTransactionMurex,b0417c450da8e526f283cb72fa585cc3f3d0b72b,StatusSecurityTransactionAfterMurex,,,StatusSecurityTransactionAfterMurex,false,false,exec,EXEC,true,false
dotnet-sample,clsDataAccess2.cs,clsDataAccess2.cs,code,csharp,1968,PreBookSubmit,0c9017df1417bdb1d54fe890a3936ab4c707749b,dbo.OMTrxSecPreBook,,dbo,OMTrxSecPreBook,false,false,exec,EXEC,true,false
dotnet-sample,clsDataAccess2.cs,clsDataAccess2.cs,code,csharp,2016,SecurityCheckAccount,c74f975e38077ba593b88a8687da0107cd869787,dbo.SecurityCheckAccount,,dbo,SecurityCheckAccount,false,false,exec,EXEC,true,false
dotnet-sample,clsDataAccess2.cs,clsDataAccess2.cs,code,csharp,2057,subUpdateSequenceBlock,e1991d0f8541f0978f40c103051bf6a5034c096d,BlokirSwitchingTransaction,,,BlokirSwitchingTransaction,false,false,exec,EXEC,true,false
dotnet-sample,clsDataAccess2.cs,clsDataAccess2.cs,code,csharp,2092,LogFLDCPY,3f74d554018a59675411ba41708977606d5e6f1a,dbo.MXINTFCPYInLog,,dbo,MXINTFCPYInLog,false,false,exec,EXEC,true,false
dotnet-sample,clsDataAccess2.cs,clsDataAccess2.cs,code,csharp,2114,LogFLDDEAL,813f09004b7e5d8aca80a676c76c453303ce06da,dbo.MXINTFDEALInLog,,dbo,MXINTFDEALInLog,false,false,exec,EXEC,true,false
dotnet-sample,clsDataAccess2.cs,clsDataAccess2.cs,code,csharp,2128,isUsingMQ,ca94b68aced44c3f1b9814f33cb772e13c4742b1,dbo.TRSLelangGetParam,,dbo,TRSLelangGetParam,false,false,exec,EXEC,true,false
dotnet-sample,clsDataAccess2.cs,clsDataAccess2.cs,code,csharp,2166,AddInfoInterface,5c2e16567307eaa32a2e8bbfd3ce19bcc8e04e73,dbo.TRSAddInfoXMLInterfaceToMX,,dbo,TRSAddInfoXMLInterfaceToMX,false,false,exec,EXEC,true,false
dotnet-sample,clsDataAccess2.cs,clsDataAccess2.cs,code,csharp,2202,ORI_Online_DeleteTransaction,bd3d08eed9d5dc50e31754e3de49f7311bbda25a,TransactionData,,,TransactionData,false,false,exec,EXEC,true,false
dotnet-sample,clsDataAccess2.cs,clsDataAccess2.cs,code,csharp,2252,GetAPIUrlParam,21af46e0f57193faded56c9eecc1483446d639a5,dbo.TRSObliGetNotifAPIParam,,dbo,TRSObliGetNotifAPIParam,false,false,exec,EXEC,true,false
dotnet-sample,clsDatabase.cs,clsDatabase.cs,code,csharp,22,subUserGetToolbar,1ebb2a0b6cab5821a2b2a9183908f04da496f7a2,UserGetToolbar,,,UserGetToolbar,false,false,exec,EXEC,true,false
dotnet-sample,clsDatabase.cs,clsDatabase.cs,code,csharp,33,subTRSPopulateBankCustody,003390ae98ad4dd6d2f863777c7b2760f6225cd2,TRSPopulateBankCustody,,,TRSPopulateBankCustody,false,false,exec,EXEC,true,false
dotnet-sample,clsDatabase.cs,clsDatabase.cs,code,csharp,46,subTRSProcessBankCustody,8db0e721bddc1b99358d2db6a52e3cc123066aa0,TRSProcessBankCustody,,,TRSProcessBankCustody,false,false,exec,EXEC,true,false
dotnet-sample,clsDatabase.cs,clsDatabase.cs,code,csharp,57,subTRSPopulateSeller,0508dc3e2d1731084f43deb6ab6720dd2738be97,TRSPopulateSeller,,,TRSPopulateSeller,false,false,exec,EXEC,true,false
dotnet-sample,clsDatabase.cs,clsDatabase.cs,code,csharp,70,subTRSProcessSeller,97d98c44cb7baaaa20211c717bf71d4135b3eac3,TRSProcessSeller,,,TRSProcessSeller,false,false,exec,EXEC,true,false
dotnet-sample,clsDatabase.cs,clsDatabase.cs,code,csharp,81,subTRSPopulateSecurityFee,c950bf689336658902150fc66eacb175fdac938e,TRSPopulateSecurityFee,,,TRSPopulateSecurityFee,false,false,exec,EXEC,true,false
dotnet-sample,clsDatabase.cs,clsDatabase.cs,code,csharp,87,subTRSCurrentWorkingDate,d6c2d4b72b926b8c12fb3e61f4b8db2635c3001f,TRSCurrentWorkingDate,,,TRSCurrentWorkingDate,false,false,exec,EXEC,true,false
dotnet-sample,clsDatabase.cs,clsDatabase.cs,code,csharp,98,subtrs_ListSecurityInterestType_TR,1ec6384e7a4c33b93c06926297f41f2484c156af,trs_ListSecurityInterestType_TR,,,trs_ListSecurityInterestType_TR,false,false,exec,EXEC,true,false
dotnet-sample,clsDatabase.cs,clsDatabase.cs,code,csharp,104,subTRSGetSecurityCurrency,96ddbaa1f41c3e73eb5d1437a57061664c55a7ae,TRSGetSecurityCurrency,,,TRSGetSecurityCurrency,false,false,exec,EXEC,true,false
dotnet-sample,clsDatabase.cs,clsDatabase.cs,code,csharp,115,subtrs_ListSecurityMaster_TM,e0fecfd9fcdde42bc733ce8152b89ed26d51d9f7,trs_ListSecurityMaster_TM,,,trs_ListSecurityMaster_TM,false,false,exec,EXEC,true,false
dotnet-sample,clsDatabase.cs,clsDatabase.cs,code,csharp,126,subtrs_ListSecurityMasterPending_TM,4d71776ec29d84d9a1d2be10e8f3b38f58c39162,dbo.trs_ListSecurityMasterPending_TM,,dbo,trs_ListSecurityMasterPending_TM,false,false,exec,EXEC,true,false
dotnet-sample,clsDatabase.cs,clsDatabase.cs,code,csharp,138,subtrs_ListColumnsTable,706df707f5b3c685db421fd52af0ae4bf1c4ce44,trs_ListColumnsTable,,,trs_ListColumnsTable,false,false,exec,EXEC,true,false
dotnet-sample,clsDatabase.cs,clsDatabase.cs,code,csharp,149,subtrs_UpdateSecurityMaster_TM,03754a376ab698b6a2b07d5a9a6dfe9f2998ef80,SecurityMaster_TM,,,SecurityMaster_TM,false,false,exec,EXEC,true,false
dotnet-sample,clsDatabase.cs,clsDatabase.cs,code,csharp,161,subtrs_InsertSecurityMaster_TM,6db76565eed6419bcd6896e79c6c6baef18356f8,trs_InsertSecurityMaster_TM,,,trs_InsertSecurityMaster_TM,false,false,exec,EXEC,true,false
dotnet-sample,clsDatabase.cs,clsDatabase.cs,code,csharp,172,subtrs_SearchSecId,ca38b2b2dd3971e31178c743160ff23e8e8a91a0,trs_SearchSecId,,,trs_SearchSecId,false,false,exec,EXEC,true,false
dotnet-sample,clsDatabase.cs,clsDatabase.cs,code,csharp,184,subtrs_DeleteSecurityMaster_TM,bad430241c59d431ce6e0c329e7ff8a7773eef65,SecurityMaster_TM,,,SecurityMaster_TM,false,false,exec,EXEC,true,false
dotnet-sample,clsDatabase.cs,clsDatabase.cs,code,csharp,190,subTRSPopulateSecurityMasterAuthorization,1a6a3ffe86b449173004919433db4c0daa3c7873,TRSPopulateSecurityMasterAuthorization,,,TRSPopulateSecurityMasterAuthorization,false,false,exec,EXEC,true,false
dotnet-sample,clsDatabase.cs,clsDatabase.cs,code,csharp,201,subTRSGetMenuSettings,c45bca8688cc46fb74995dd16e2cf27b6a87833f,TRSGetMenuSettings,,,TRSGetMenuSettings,false,false,exec,EXEC,true,false
dotnet-sample,clsDatabase.cs,clsDatabase.cs,code,csharp,212,subTRSGetBankCustody,a577bebd20261250fd2f3b85fed766dbb6d41e4b,TRSGetBankCustody,,,TRSGetBankCustody,false,false,exec,EXEC,true,false
dotnet-sample,clsDatabase.cs,clsDatabase.cs,code,csharp,226,subTRSProcessSecurityMaster,5a1ad5d2dad7f00360b70012a2764a33ebbb24ec,TRSProcessSecurityMaster,,,TRSProcessSecurityMaster,false,false,exec,EXEC,true,false
dotnet-sample,clsDatabase.cs,clsDatabase.cs,code,csharp,239,subTRSProcessSecurityMasterAuthorization,ba85aad147ca3f0960512f2b5f0fdebff8e20aa2,TRSProcessSecurityMasterAuthorization,,,TRSProcessSecurityMasterAuthorization,false,false,exec,EXEC,true,false
dotnet-sample,clsDatabase.cs,clsDatabase.cs,code,csharp,256,subTRSProcessSecurityFee,942156edee5c2304a267594384be684203ef45f8,TRSProcessSecurityFee,,,TRSProcessSecurityFee,false,false,exec,EXEC,true,false
dotnet-sample,clsDatabase.cs,clsDatabase.cs,code,csharp,262,subTRSPopulateSecurityFeeAuthorization,b37eb50a36a3b56b5a686546a47d53bdcb1bdca0,TRSPopulateSecurityFeeAuthorization,,,TRSPopulateSecurityFeeAuthorization,false,false,exec,EXEC,true,false
dotnet-sample,clsDatabase.cs,clsDatabase.cs,code,csharp,275,subTRSProcessSecurityFeeAuthorization,53e10497efc4a79e4a18e5a7da2d7624efefb188,TRSProcessSecurityFeeAuthorization,,,TRSProcessSecurityFeeAuthorization,false,false,exec,EXEC,true,false
dotnet-sample,clsDatabase.cs,clsDatabase.cs,code,csharp,288,subTRSProcessEditCustomerAuthorization,6e723edfb0c6ce79fa2dce7f7fbc9dee0b84461f,TRSProcessEditCustomerAuthorization,,,TRSProcessEditCustomerAuthorization,false,false,exec,EXEC,true,false
dotnet-sample,clsDatabase.cs,clsDatabase.cs,code,csharp,300,subTRSPopulateDeleteORIOrder,3592368cccb0787770a53abbad29b10bb564434b,ORIOrder,,,ORIOrder,false,false,exec,EXEC,true,false
dotnet-sample,clsDatabase.cs,clsDatabase.cs,code,csharp,314,subTRSProcessDeleteORIOrder,d2755dc51dc88b84dfc4244374185f2e086269b2,ORIOrder,,,ORIOrder,false,false,exec,EXEC,true,false
dotnet-sample,clsDatabase.cs,clsDatabase.cs,code,csharp,327,subTRSProcessDeleteORIOrderCommit,a72d05f262e833eef5beaa10cfd95481aa91fd03,ORIOrderCommit,,,ORIOrderCommit,false,false,exec,EXEC,true,false
dotnet-sample,clsDatabase.cs,clsDatabase.cs,code,csharp,338,subTRSPopulateSettlementBuyBack,ae8839448ece8abd0f2f4e4b79e1f929a13b1277,TRSPopulateSettlementBuyBack,,,TRSPopulateSettlementBuyBack,false,false,exec,EXEC,true,false
dotnet-sample,clsDatabase.cs,clsDatabase.cs,code,csharp,349,subTRSPopulateBuyBack,ca0f3d9d82dac1ea3933ec1ab059c888201675ce,TRSPopulateBuyBack,,,TRSPopulateBuyBack,false,false,exec,EXEC,true,false
dotnet-sample,clsDatabase.cs,clsDatabase.cs,code,csharp,364,subTRSPopulateSettlementMaturity,eaff922e6652ad7fea102d896448f640fbb440aa,TRSPopulateSettlementMaturity,,,TRSPopulateSettlementMaturity,false,false,exec,EXEC,true,false
dotnet-sample,clsDatabase.cs,clsDatabase.cs,code,csharp,375,subTRSPopulateSettlementCashBack,095b653b983c46dd6b1346a4f4a9b483c9cfbb40,TRSPopulateSettlementCashBack,,,TRSPopulateSettlementCashBack,false,false,exec,EXEC,true,false
dotnet-sample,clsDatabase.cs,clsDatabase.cs,code,csharp,386,subTRSPopulateSettlementOrder,4d37b78480eb1d403bf25ba89fe8b6c74d5bcaf5,TRSPopulateSettlementOrder,,,TRSPopulateSettlementOrder,false,false,exec,EXEC,true,false
dotnet-sample,clsDatabase.cs,clsDatabase.cs,code,csharp,397,subTRSPopulateSettlementOrderByStatus,e8a7dcce4f9c02d54ee5930b55c52fbed0f0a8c0,TRSPopulateSettlementOrderByStatus,,,TRSPopulateSettlementOrderByStatus,false,false,exec,EXEC,true,false
dotnet-sample,clsDatabase.cs,clsDatabase.cs,code,csharp,414,subTRSPopulateSettlementTransaksiBankJual,166aefb5ed494cfee83dd3cc63789d05e4e1e5d8,TRSPopulateSettlementTransaksiBankJual,,,TRSPopulateSettlementTransaksiBankJual,false,false,exec,EXEC,true,false
dotnet-sample,clsDatabase.cs,clsDatabase.cs,code,csharp,427,subTRSProcessSettlementBuyBack,62022d08e4babf3c7fc9c9e8c9a9bca9c506d190,TRSProcessSettlementBuyBack,,,TRSProcessSettlementBuyBack,false,false,exec,EXEC,true,false
dotnet-sample,clsDatabase.cs,clsDatabase.cs,code,csharp,440,subTRSProcessSettlementTransaksiBankJual,3b97c0c522b491cdb9c2bc06668fdfc6a6b8a1b7,TRSProcessSettlementTransaksiBankJual,,,TRSProcessSettlementTransaksiBankJual,false,false,exec,EXEC,true,false
dotnet-sample,clsDatabase.cs,clsDatabase.cs,code,csharp,453,subTRSProcessBuyBack,ea347567b51f4f2cfed08ebd1eb0527e8f252773,TRSProcessBuyBack,,,TRSProcessBuyBack,false,false,exec,EXEC,true,false
dotnet-sample,clsDatabase.cs,clsDatabase.cs,code,csharp,466,subTRSProcessSettlementMaturity,50d8919a1cfee3398f25772725940f261ef43aaa,TRSProcessSettlementMaturity,,,TRSProcessSettlementMaturity,false,false,exec,EXEC,true,false
dotnet-sample,clsDatabase.cs,clsDatabase.cs,code,csharp,479,subTRSProcessSettlementCashBack,ae6738ea8bd147db5527cbb6f5afecba85e90ab1,TRSProcessSettlementCashBack,,,TRSProcessSettlementCashBack,false,false,exec,EXEC,true,false
dotnet-sample,clsDatabase.cs,clsDatabase.cs,code,csharp,492,subTRSProcessSettlementOrder,b58c2a94b5e23cfa38817a8febf5a57e6e838c81,TRSProcessSettlementOrder,,,TRSProcessSettlementOrder,false,false,exec,EXEC,true,false
dotnet-sample,clsDatabase.cs,clsDatabase.cs,code,csharp,509,subTRSPopulateAllotment,2f5c98d6284428efaf811b4abc63c66676a84f45,TRSPopulateAllotment,,,TRSPopulateAllotment,false,false,exec,EXEC,true,false
dotnet-sample,clsDatabase.cs,clsDatabase.cs,code,csharp,528,subTRSProcessAllotment,f35d05274218d7cca319bfd85aaabe8141fb4322,TRSProcessAllotment,,,TRSProcessAllotment,false,false,exec,EXEC,true,false
dotnet-sample,clsDatabase.cs,clsDatabase.cs,code,csharp,541,subTRSProcessInsertORIOrderCommit,a4018f46f948b6c4a622b9465c5fbb771bec8c4d,TRSProcessInsertORIOrderCommit,,,TRSProcessInsertORIOrderCommit,false,false,exec,EXEC,true,false
dotnet-sample,clsDatabase.cs,clsDatabase.cs,code,csharp,552,subTRSProcessCancelORIOrderCommit,393b67f0fb1c48757f0649c255a57d841ae4c080,TRSProcessCancelORIOrderCommit,,,TRSProcessCancelORIOrderCommit,false,false,exec,EXEC,true,false
dotnet-sample,clsDatabase.cs,clsDatabase.cs,code,csharp,574,subTRSProcessInsertSecurityTransactionCommit,7957de14fa39149cc902a781c65bcc418914c885,TRSProcessInsertSecurityTransactionCommit,,,TRSProcessInsertSecurityTransactionCommit,false,false,exec,EXEC,true,false
dotnet-sample,clsDatabase.cs,clsDatabase.cs,code,csharp,600,subTRSProcessInsertSecurityTransactionCommit,7957de14fa39149cc902a781c65bcc418914c885,TRSProcessInsertSecurityTransactionCommit,,,TRSProcessInsertSecurityTransactionCommit,false,false,exec,EXEC,true,false
dotnet-sample,clsDatabase.cs,clsDatabase.cs,code,csharp,629,subTRSProcessInsertSecurityTransactionCommit,7957de14fa39149cc902a781c65bcc418914c885,TRSProcessInsertSecurityTransactionCommit,,,TRSProcessInsertSecurityTransactionCommit,false,false,exec,EXEC,true,false
dotnet-sample,clsDatabase.cs,clsDatabase.cs,code,csharp,641,subTRSProcessDeleteSecurityTransactionCommit,ae82b5dd2ca4ecf2ec36d67b8133729e412dcfba,SecurityTransactionCommit,,,SecurityTransactionCommit,false,false,exec,EXEC,true,false
dotnet-sample,clsDatabase.cs,clsDatabase.cs,code,csharp,664,subTRSAmendSecurityTransaction_TT_Commit,d6be99d611e4b7b0e8adcac81e18081048fabb73,TRSAmendSecurityTransaction_TT_Commit,,,TRSAmendSecurityTransaction_TT_Commit,false,false,exec,EXEC,true,false
dotnet-sample,clsDatabase.cs,clsDatabase.cs,code,csharp,676,subtrs_ListTreasuryCustomer_TM_Original,435a03414d0be7695772d82064fea6d117926094,trs_ListTreasuryCustomer_TM_Original,,,trs_ListTreasuryCustomer_TM_Original,false,false,exec,EXEC,true,false
dotnet-sample,clsDatabase.cs,clsDatabase.cs,code,csharp,706,subTRSPopulateEditCustomerAuthorization,809eb9e0576b6aea2c353f7151650d492364cd2d,TRSPopulateEditCustomerAuthorization,,,TRSPopulateEditCustomerAuthorization,false,false,exec,EXEC,true,false
dotnet-sample,clsDatabase.cs,clsDatabase.cs,code,csharp,719,subTRSPopulateTransactionBalance,7e0c99c628eb4216fdf287ceeaa899bec1fb542c,TRSPopulateTransactionBalance,,,TRSPopulateTransactionBalance,false,false,exec,EXEC,true,false
dotnet-sample,clsDatabase.cs,clsDatabase.cs,code,csharp,738,subTRSPopulateMaturityUpload,3de57822ac8192fd580736b7ba0479ba9e86a54f,TRSPopulateMaturityUpload,,,TRSPopulateMaturityUpload,false,false,exec,EXEC,true,false
dotnet-sample,clsDatabase.cs,clsDatabase.cs,code,csharp,757,subTRSProcessMaturityUpload,b47e58157888963f4b27fce22ababdc790517e03,TRSProcessMaturityUpload,,,TRSProcessMaturityUpload,false,false,exec,EXEC,true,false
dotnet-sample,clsDatabase.cs,clsDatabase.cs,code,csharp,768,subTRSPopulateMaturityUploadAuthorization,c516e3100a192e10e4d18ef0cdd164efc94b64bf,TRSPopulateMaturityUploadAuthorization,,,TRSPopulateMaturityUploadAuthorization,false,false,exec,EXEC,true,false
dotnet-sample,clsDatabase.cs,clsDatabase.cs,code,csharp,781,subTRSProcessMaturityUploadAuthorization,c2ec5163c557b68a897100a235c9669662e6756c,TRSProcessMaturityUploadAuthorization,,,TRSProcessMaturityUploadAuthorization,false,false,exec,EXEC,true,false
dotnet-sample,clsDatabase.cs,clsDatabase.cs,code,csharp,792,subTRSPopulateUploadRefund,8ff77b4f54ffb70b85f89c069d3f1bb3f1c347d3,TRSPopulateUploadRefund,,,TRSPopulateUploadRefund,false,false,exec,EXEC,true,false
dotnet-sample,clsDatabase.cs,clsDatabase.cs,code,csharp,804,subTRSProcessUploadRefund,f0821f999fcd725f555ecf13091968705f6758db,TRSProcessUploadRefund,,,TRSProcessUploadRefund,false,false,exec,EXEC,true,false
dotnet-sample,clsDatabase.cs,clsDatabase.cs,code,csharp,815,subTRSUpdateOrderPriority,e4389258bc966bcb6b99ca5c84ca4f1185db7c26,OrderPriority,,,OrderPriority,false,false,exec,EXEC,true,false
dotnet-sample,clsDatabase.cs,clsDatabase.cs,code,csharp,830,subTRSSplitOrder,3acfe3a827dd333344df04d081ebf39723ce75f7,TRSSplitOrder,,,TRSSplitOrder,false,false,exec,EXEC,true,false
dotnet-sample,clsDatabase.cs,clsDatabase.cs,code,csharp,864,GetBlockAmount,4594237f7a8ff4a856a90ec8c1a802eb526410ee,dbo.TRSGetBlokirAmount,,dbo,TRSGetBlokirAmount,false,false,exec,EXEC,true,false
dotnet-sample,clsDatabase.cs,clsDatabase.cs,code,csharp,878,ParamAccruedDaysPopulate,190798b372df7ce3c65c92101113bada513ac559,dbo.TRSParamAccruedDaysPopulate,,dbo,TRSParamAccruedDaysPopulate,false,false,exec,EXEC,true,false
dotnet-sample,clsDatabase.cs,clsDatabase.cs,code,csharp,886,ParamAccruedDaysSave,4988d95dc6a2070444751896d089f2632440917b,dbo.TRSParamAccruedDaysSave,,dbo,TRSParamAccruedDaysSave,false,false,exec,EXEC,true,false
dotnet-sample,clsDatabase.cs,clsDatabase.cs,code,csharp,891,ParamAccruedDaysAuthPopulate,63d78a7358c63f9881b2c50cf0d1b6bb6efd5cb0,dbo.TRSParamAccruedDaysAuthPopulate,,dbo,TRSParamAccruedDaysAuthPopulate,false,false,exec,EXEC,true,false
dotnet-sample,clsDatabase.cs,clsDatabase.cs,code,csharp,900,ParamAccruedDaysAuthProcess,0c38d138a99952e4e9e90f882c7d9d531d69ad89,dbo.TRSParamAccruedDaysAuthProcess,,dbo,TRSParamAccruedDaysAuthProcess,false,false,exec,EXEC,true,false
dotnet-sample,clsDatabase.cs,clsDatabase.cs,code,csharp,913,ParamAccruedDaysGetDefaultSettlementDate,50674810c929f91d3f2ccf209d717d0faee18524,dbo.TRSGetDefaultSettlementDate,,dbo,TRSGetDefaultSettlementDate,false,false,exec,EXEC,true,false
dotnet-sample,clsDatabase.cs,clsDatabase.cs,code,csharp,932,ParamAccruedDaysGetNormalAccruedDays,83bb330250d127b56f3fea00c44d2c8a45d7ccf5,dbo.TRSGetNormalAccuredDays,,dbo,TRSGetNormalAccuredDays,false,false,exec,EXEC,true,false
dotnet-sample,clsDatabase.cs,clsDatabase.cs,code,csharp,955,ToolbarButtonPopulate,3710ccd8004c6c3f4dc2d1490b4e08b21a670673,dbo.UserGetToolbar,,dbo,UserGetToolbar,false,false,exec,EXEC,true,false
dotnet-sample,clsDatabase.cs,clsDatabase.cs,code,csharp,974,CustodyUploadGetGeneralParam,21d5849d934a42e265c79a5db8d58d2a4cea7f34,dbo.TRSCustodyUploadGetGeneralParam,,dbo,TRSCustodyUploadGetGeneralParam,false,false,exec,EXEC,true,false
dotnet-sample,clsDatabase.cs,clsDatabase.cs,code,csharp,984,CustodyUploadGetFileParam,d48dc375caec9e32308d6fe26f0fb8c00d306a43,dbo.TRSCustodyUploadGetFileParam,,dbo,TRSCustodyUploadGetFileParam,false,false,exec,EXEC,true,false
dotnet-sample,clsDatabase.cs,clsDatabase.cs,code,csharp,996,CustodyUploadSaveData,b4c8b0de5d68dcfa88c1cdc6dbf3a81bc130cfe7,dbo.TRSCustodyUploadSaveData,,dbo,TRSCustodyUploadSaveData,false,false,exec,EXEC,true,false
dotnet-sample,clsDatabase.cs,clsDatabase.cs,code,csharp,1005,CustodyUploadPopulateAuthMain,440ca1e8fcc57823b9faa1e21cb840317c80d972,dbo.TRSCustodyUploadPopulatePendingAuthMain,,dbo,TRSCustodyUploadPopulatePendingAuthMain,false,false,exec,EXEC,true,false
dotnet-sample,clsDatabase.cs,clsDatabase.cs,code,csharp,1014,CustodyUploadPopulateAuthDetail,4c00a9840a9e69f6e93c93a9f63baec2cc2633de,dbo.TRSCustodyUploadPopulatePendingAuthDetail,,dbo,TRSCustodyUploadPopulatePendingAuthDetail,false,false,exec,EXEC,true,false
dotnet-sample,clsDatabase.cs,clsDatabase.cs,code,csharp,1024,CustodyUploadProcessAuth,dcda04e6df70e9e21aeabed7325e84f3fdb04d2c,dbo.TRSCustodyUploadProcessAuth,,dbo,TRSCustodyUploadProcessAuth,false,false,exec,EXEC,true,false
dotnet-sample,clsDatabase.cs,clsDatabase.cs,code,csharp,1037,CustodyUploadValidateCutoff,cdaba66f7d5c4700094c173c26f3cbec91e03313,dbo.TRSCustodyUploadValidateCutoff,,dbo,TRSCustodyUploadValidateCutoff,false,false,exec,EXEC,true,false
dotnet-sample,clsDatabase.cs,clsDatabase.cs,code,csharp,1056,CustodyUploadCheckExisting,786f998bf8a6a2bd59ecd3fa7116822af37c4ae1,dbo.TRSCustodyUploadCheckExistingData,,dbo,TRSCustodyUploadCheckExistingData,false,false,exec,EXEC,true,false
dotnet-sample,clsDatabase.cs,clsDatabase.cs,code,csharp,1068,CustodyUploadMonitorFile,2d0e38953cc0857accfe863b2e762d5e6f2d868f,dbo.TRSCustodyMonitorFile,,dbo,TRSCustodyMonitorFile,false,false,exec,EXEC,true,false
dotnet-sample,clsDatabase.cs,clsDatabase.cs,code,csharp,1084,GetComboItem,b0440b8f0da79c67b2918e9eb3fcded6714bcaca,TRSGeneralGetComboItem,,,TRSGeneralGetComboItem,false,false,exec,EXEC,true,false
dotnet-sample,clsDatabase.cs,clsDatabase.cs,code,csharp,1091,subTRSPopulateSellerTemplate,6a867d811fffbd0f4611f26e60baf1e5c446d4b4,TRSPopulateSellerTemplate,,,TRSPopulateSellerTemplate,false,false,exec,EXEC,true,false
dotnet-sample,clsDatabase.cs,clsDatabase.cs,code,csharp,1104,subUploadDataSeller,392a2c3937153be22ff280b7a387127751a25227,TRSUploadDataSeller,,,TRSUploadDataSeller,false,false,exec,EXEC,true,false
dotnet-sample,clsDatabase.cs,clsDatabase.cs,code,csharp,1127,subTRSValidateCutOffTimeTrxEarlyRedem,efd5b2308bccbb4ff25ecad6c6d6ec6806067584,dbo.trs_ValidateCutOffTimeTrxEarlyRedem,,dbo,trs_ValidateCutOffTimeTrxEarlyRedem,false,false,exec,EXEC,true,false
dotnet-sample,clsDatabase.cs,clsDatabase.cs,code,csharp,1157,subTRSPopulateEarlyRedemAuthorization,b0672a11a5f9996ca0d5c6e93c15449531188d1e,TRSPopulateEarlyRedemAuthorization,,,TRSPopulateEarlyRedemAuthorization,false,false,exec,EXEC,true,false
dotnet-sample,clsDatabase.cs,clsDatabase.cs,code,csharp,1171,subTRSProcessEarlyRedemAuthorization,6ca923b269da5f37e760dd8512f335ccfa986bdd,TRSProcessEarlyRedemAuthorization,,,TRSProcessEarlyRedemAuthorization,false,false,exec,EXEC,true,false
dotnet-sample,clsDatabase.cs,clsDatabase.cs,code,csharp,1183,subTRSPopulateSettlementEarlyRedem,3d910daa80cc60e9cceaf202fc12a1c4965e4243,TRSPopulateSettlementEarlyRedem,,,TRSPopulateSettlementEarlyRedem,false,false,exec,EXEC,true,false
dotnet-sample,clsDatabase.cs,clsDatabase.cs,code,csharp,1194,subTRSPopulateSettlementEarlyRedemByStatus,c139834c15c6baa3e4554713f37fb2a7980be01f,TRSPopulateSettlementEarlyRedemByStatus,,,TRSPopulateSettlementEarlyRedemByStatus,false,false,exec,EXEC,true,false
dotnet-sample,clsDatabase.cs,clsDatabase.cs,code,csharp,1207,subTRSProcessSettlementEarlyRedem,6d631a74aeb3e5b8d2b3415d8382d0338e7f009d,TRSProcessSettlementEarlyRedem,,,TRSProcessSettlementEarlyRedem,false,false,exec,EXEC,true,false
dotnet-sample,clsDatabase.cs,clsDatabase.cs,code,csharp,1221,ValidateNasabahDormantSettBankBeli,cbb112a3cdd46ab603a35796f2dd66a7f52e8af9,dbo.trs_ValidateNasabahDormantSettBankBeli,,dbo,trs_ValidateNasabahDormantSettBankBeli,false,false,exec,EXEC,true,false
dotnet-sample,clsDatabase.cs,clsDatabase.cs,code,csharp,1241,subTRSPopulateSettlementTransaksiBankBeli,da35757e3767af6d60076bbb40cacbdf0d0d6173,TRSPopulateSettlementTransaksiBankBeli,,,TRSPopulateSettlementTransaksiBankBeli,false,false,exec,EXEC,true,false
dotnet-sample,clsDatabase.cs,clsDatabase.cs,code,csharp,1254,subTRSProcessSettlementTransaksiBankBeli,ef3521596b0174052bee3e1f370cf3b65684c883,TRSProcessSettlementTransaksiBankBeli,,,TRSProcessSettlementTransaksiBankBeli,false,false,exec,EXEC,true,false
dotnet-sample,clsDatabase.cs,clsDatabase.cs,code,csharp,1267,subTRSProcessSettlementTransaksiBankBeliFee,674fc47b7f61181b22a59e305dfe52113a30563a,TRSProcessSettlementTransaksiBankBeliFee,,,TRSProcessSettlementTransaksiBankBeliFee,false,false,exec,EXEC,true,false
dotnet-sample,clsDatabase.cs,clsDatabase.cs,code,csharp,1280,subTRSProcessSettlementTransaksiBankBeliPajak,8e02d346dd6714009d70d230bf7eb889d9bf54d4,TRSProcessSettlementTransaksiBankBeliPajak,,,TRSProcessSettlementTransaksiBankBeliPajak,false,false,exec,EXEC,true,false
dotnet-sample,clsDatabase.cs,clsDatabase.cs,code,csharp,1291,subTRSPopulateTransactionLink,a5205b423de4fcdc6d84096d6aa0e64b4533d22b,TRSPopulateTransactionLink,,,TRSPopulateTransactionLink,false,false,exec,EXEC,true,false
dotnet-sample,clsDatabase.cs,clsDatabase.cs,code,csharp,1303,subTRSPopulateParameterTrxBankBeli,893c2ff0d7b916be4f8e3ce5458177d612558b1c,TRSPopulateParameterSettlementTrxBankBeli,,,TRSPopulateParameterSettlementTrxBankBeli,false,false,exec,EXEC,true,false
dotnet-sample,clsDatabase.cs,clsDatabase.cs,code,csharp,1317,subTRSPopulatePTOSUpload,312c68153c4034593bf98dce8814d25f06787cca,TRSPopulatePTOSUpload,,,TRSPopulatePTOSUpload,false,false,exec,EXEC,true,false
dotnet-sample,clsDatabase.cs,clsDatabase.cs,code,csharp,1332,subTRSProcessPTOSUpload,8578f9cb2a3131fe9fd45320d72510759a69a38d,TRSProcessPTOSUpload,,,TRSProcessPTOSUpload,false,false,exec,EXEC,true,false
dotnet-sample,clsDatabase.cs,clsDatabase.cs,code,csharp,1344,subTRSPopulatePTOSUploadAuthen,065758a68c9e2ac6d8ce47dad5bbee2cc584dae3,TRSPopulatePTOSUploadAuthen,,,TRSPopulatePTOSUploadAuthen,false,false,exec,EXEC,true,false
dotnet-sample,clsDatabase.cs,clsDatabase.cs,code,csharp,1359,subTRSProcessPTOSUploadAuthen,84aeb92bd8d541843a4f18896efcb07a4828ead1,TRSProcessPTOSUploadAuthen,,,TRSProcessPTOSUploadAuthen,false,false,exec,EXEC,true,false
dotnet-sample,clsDatabase.cs,clsDatabase.cs,code,csharp,1373,subTRSPopulatePTOSUTrx,561973869eca63ecc0022753855df000335e83d7,TRSPopulatePTOSUTrx,,,TRSPopulatePTOSUTrx,false,false,exec,EXEC,true,false
dotnet-sample,clsDatabase.cs,clsDatabase.cs,code,csharp,1386,subTRSProcessPTOSTrx,351c15306594fb362dce1cacebe2500223be292d,TRSProcessPTOSTrx,,,TRSProcessPTOSTrx,false,false,exec,EXEC,true,false
dotnet-sample,clsDatabase.cs,clsDatabase.cs,code,csharp,1402,columnsPTOSTransaksi_TR,9d76fc60c18f7382ac96c92b7d13211bc6134bec,dbo.trs_ListColumnsTable,,dbo,trs_ListColumnsTable,false,false,exec,EXEC,true,false
dotnet-sample,clsDatabase.cs,clsDatabase.cs,code,csharp,1419,subTRSPopulatePTOSTtrxAuthen,6000acbb325adafc77a5ed41963ffed801c6010c,TRSPopulatePTOSTrxAuthen,,,TRSPopulatePTOSTrxAuthen,false,false,exec,EXEC,true,false
dotnet-sample,clsDatabase.cs,clsDatabase.cs,code,csharp,1433,subTRSProcessPTOSTrxAuthen,118245a2f9328777dd54a660ecc145664f27783e,TRSProcessPTOSTrxAuthen,,,TRSProcessPTOSTrxAuthen,false,false,exec,EXEC,true,false
dotnet-sample,clsDatabase.cs,clsDatabase.cs,code,csharp,1446,subTRSPTOSListProduk,16ec854fbba800ae4dc69dbee58d917a65034023,TRSPTOSlistProduk,,,TRSPTOSlistProduk,false,false,exec,EXEC,true,false
dotnet-sample,clsDatabase.cs,clsDatabase.cs,code,csharp,1459,subTRSProcessPTOSSecurityMaster,896a2fc24a459a75b610a95faf5a159e616aaa04,TRSProcessPTSOSecurityMaster,,,TRSProcessPTSOSecurityMaster,false,false,exec,EXEC,true,false
dotnet-sample,clsDatabase.cs,clsDatabase.cs,code,csharp,1465,subTRSPopulatePTOSSecurityMasterAuthen,422ab628945fa9be28d240263a6a96cf44f3ced6,TRSPopulatePTOSSecurityMasterAuthen,,,TRSPopulatePTOSSecurityMasterAuthen,false,false,exec,EXEC,true,false
dotnet-sample,clsDatabase.cs,clsDatabase.cs,code,csharp,1478,subTRSProcessPTOSSecurityMasterAuthen,3739bfee6c5c7914ca6982ed297d4897db592c6d,TRSProcessPTOSSecurityMasterAuthen,,,TRSProcessPTOSSecurityMasterAuthen,false,false,exec,EXEC,true,false
dotnet-sample,clsDatabase.cs,clsDatabase.cs,code,csharp,1490,subTRSPopulatePTOSUCustomer,18e19e207c4d89af8285cf739c37fa8ef9f440ff,TRSPopulatePTOSCustomer_TM,,,TRSPopulatePTOSCustomer_TM,false,false,exec,EXEC,true,false
dotnet-sample,clsDatabase.cs,clsDatabase.cs,code,csharp,1506,columnsPTOSCustomer_TM,9d76fc60c18f7382ac96c92b7d13211bc6134bec,dbo.trs_ListColumnsTable,,dbo,trs_ListColumnsTable,false,false,exec,EXEC,true,false
dotnet-sample,clsDatabase.cs,clsDatabase.cs,code,csharp,1525,subTRSProcessPTOSCustomer,7a6f16bf6ac4acfeaa2073e50ea4e0b71276ac01,TRSProcessPTOSCustomer_TM,,,TRSProcessPTOSCustomer_TM,false,false,exec,EXEC,true,false
dotnet-sample,clsDatabase.cs,clsDatabase.cs,code,csharp,1531,subTRSPopulatePTOSCustomerAuthen,83b2283544123b2c92a35e7a12cbd24800510d00,TRSPopulatePTOSCustomerAuthen,,,TRSPopulatePTOSCustomerAuthen,false,false,exec,EXEC,true,false
dotnet-sample,clsDatabase.cs,clsDatabase.cs,code,csharp,1544,subTRSProcessPTOSCustomerAuthen,4adce1cd84aa4a9a0d095c765f96ba46fa72bef1,TRSProcessPTOSCustomerAuthen,,,TRSProcessPTOSCustomerAuthen,false,false,exec,EXEC,true,false
dotnet-sample,clsDatabase.cs,clsDatabase.cs,code,csharp,1557,subTRSPopulatePTOSOuts,ab4e871996a7cb5978cc63044bee7a12baf7ee90,TRSPopulatePTOSOuts,,,TRSPopulatePTOSOuts,false,false,exec,EXEC,true,false
dotnet-sample,clsDatabase.cs,clsDatabase.cs,code,csharp,1570,subTRSProcessPTOSOuts,bd506b9407e5e245e2d11d97708308e65e9b10d8,TRSProcessPTOSOuts,,,TRSProcessPTOSOuts,false,false,exec,EXEC,true,false
dotnet-sample,clsDatabase.cs,clsDatabase.cs,code,csharp,1586,columnsPTOSOutstanding_TR,9d76fc60c18f7382ac96c92b7d13211bc6134bec,dbo.trs_ListColumnsTable,,dbo,trs_ListColumnsTable,false,false,exec,EXEC,true,false
dotnet-sample,clsDatabase.cs,clsDatabase.cs,code,csharp,1603,subTRSPopulatePTOSOutAuthen,62d8b76af57d389680fb0649b13e4b8cad6377e2,TRSPopulatePTOSOutsAuthen,,,TRSPopulatePTOSOutsAuthen,false,false,exec,EXEC,true,false
dotnet-sample,clsDatabase.cs,clsDatabase.cs,code,csharp,1617,subTRSProcessPTOSOutsAuthen,6f3df20e0094213da03d2ccc133bcef2671471fe,TRSProcessPTOSOutsAuthen,,,TRSProcessPTOSOutsAuthen,false,false,exec,EXEC,true,false
dotnet-sample,clsDatabase.cs,clsDatabase.cs,code,csharp,1632,CheckIsThereAnyOrderCorrection,cb069841de04e53b96f42eb13774269086f60694,dbo.trs_CheckIsThereAnyOrderCorrection,,dbo,trs_CheckIsThereAnyOrderCorrection,false,false,exec,EXEC,true,false
dotnet-sample,clsDatabase.cs,clsDatabase.cs,code,csharp,1651,CheckDiffNIKOrderHapusOriInpAppv,3d857cebb745360bfe7d65301aa33a356293a95d,dbo.trs_CheckDiffNIKOrderHapusOriInpAppv,,dbo,trs_CheckDiffNIKOrderHapusOriInpAppv,false,false,exec,EXEC,true,false
dotnet-sample,clsDatabase.cs,clsDatabase.cs,code,csharp,1662,subTRSPopulateAmendAccrued,868dda074c76998eb7da95e8029fed70918b7652,TRSPopulateAmendAccrued,,,TRSPopulateAmendAccrued,false,false,exec,EXEC,true,false
dotnet-sample,clsDatabase.cs,clsDatabase.cs,code,csharp,1668,subTRSPopulateAmendAccruedAuthorization,2a9d68a38814ef3a35dd0ec142e4267a8e08474c,TRSPopulateAmendAccruedAuthorization,,,TRSPopulateAmendAccruedAuthorization,false,false,exec,EXEC,true,false
dotnet-sample,clsDatabase.cs,clsDatabase.cs,code,csharp,1682,subTRSPopulateTransactionBalanceForUpdate,9899dec80708b5c6c706c164cb7c5b3843d7f2db,TRSPopulateTransactionBalanceForUpdate,,,TRSPopulateTransactionBalanceForUpdate,false,false,exec,EXEC,true,false
dotnet-sample,clsDatabase.cs,clsDatabase.cs,code,csharp,1703,RecalculateAccrued,21052f4c12db09dd1a5c47a5f9c2d8b319fe80d5,dbo.TRSRetailReCalculateAccrued,,dbo,TRSRetailReCalculateAccrued,false,false,exec,EXEC,true,false
dotnet-sample,clsDatabase.cs,clsDatabase.cs,code,csharp,1732,subTRSProcessAmmendAccrued,8d1ba805ad8277248e5108e3b5aea90acad6d893,TRSProcessAmendAccrued,,,TRSProcessAmendAccrued,false,false,exec,EXEC,true,false
dotnet-sample,clsDatabase.cs,clsDatabase.cs,code,csharp,1746,GetDataTransaction,5be3de6355b3d15e0fbd7ee02f953ca301d1d66d,dbo.trs_getDataTransaction,,dbo,trs_getDataTransaction,false,false,exec,EXEC,true,false
dotnet-sample,clsDatabase.cs,clsDatabase.cs,code,csharp,1765,subTRSProcessUpdateTrxBankJual,b5676b69cced61b611c8a208dad281e6977824d2,TrxBankJual,,,TrxBankJual,false,false,exec,EXEC,true,false
dotnet-sample,clsDatabase.cs,clsDatabase.cs,code,csharp,1784,subTRSPopulateHapusTransaksiSuratBerharga,3c8224cdb1f1534ead01a669d11d328890441848,TRSPopulateHapusTransaksiSuratBerharga,,,TRSPopulateHapusTransaksiSuratBerharga,false,false,exec,EXEC,true,false
dotnet-sample,clsDatabase.cs,clsDatabase.cs,code,csharp,1803,subTRSProcessHapusTransaksiSuratBerharga,2ffb265cd680c60a00d67c058f1e1c6299ba0775,TRSProcessHapusTransaksiSuratBerharga,,,TRSProcessHapusTransaksiSuratBerharga,false,false,exec,EXEC,true,false
dotnet-sample,clsDatabase.cs,clsDatabase.cs,code,csharp,1809,subTRSPopulateHapusTransaksiSuratBerhargaAuthorization,335ad35503acea103c66fed076dda7830534bcd1,TRSPopulateHapusTransaksiSuratBerhargaAuthorizatio,,,TRSPopulateHapusTransaksiSuratBerhargaAuthorizatio,false,false,exec,EXEC,true,false
dotnet-sample,clsDatabase.cs,clsDatabase.cs,code,csharp,1821,subTRSRejectHapusTransaksiSuratBerharga,f5c5c3aae3edf5c4cb1115a00b3666c41f4b6acd,TRSRejectHapusTransaksiSuratBerharga,,,TRSRejectHapusTransaksiSuratBerharga,false,false,exec,EXEC,true,false
dotnet-sample,clsDatabase.cs,clsDatabase.cs,code,csharp,1847,subTRSApproveHapusTransaksiSuratBerharga,abe17ec05856ad896caa6ba359016551f8adddd8,TRSApproveHapusTransaksiSuratBerharga,,,TRSApproveHapusTransaksiSuratBerharga,false,false,exec,EXEC,true,false
dotnet-sample,clsDatabase.cs,clsDatabase.cs,code,csharp,1867,subTRSPopulateKuponUpload,e416e48c3cf315f393516f4a1728312b5b942f30,TRSPopulateKuponUpload,,,TRSPopulateKuponUpload,false,false,exec,EXEC,true,false
dotnet-sample,clsDatabase.cs,clsDatabase.cs,code,csharp,1887,subTRSProcessKuponUpload,7e4783d6f38ce424d1c8f706cf697edf9e6d9b3c,TRSProcessKuponUpload,,,TRSProcessKuponUpload,false,false,exec,EXEC,true,false
dotnet-sample,clsDatabase.cs,clsDatabase.cs,code,csharp,1898,subTRSPopulateKuponUploadAuthorization,e6b77a356d0df56a9e9c0827397adde6fe04d28b,TRSPopulateKuponUploadAuthorization,,,TRSPopulateKuponUploadAuthorization,false,false,exec,EXEC,true,false
dotnet-sample,clsDatabase.cs,clsDatabase.cs,code,csharp,1911,subTRSProcessKuponUploadAuthorization,9e8bbe326e2f9738eed6d761e1463a5352e2b8d2,TRSProcessKuponUploadAuthorization,,,TRSProcessKuponUploadAuthorization,false,false,exec,EXEC,true,false
dotnet-sample,clsDatabase.cs,clsDatabase.cs,code,csharp,1926,subTRSValidateMatchingKuponBeforeProcess,78c674ff53afac4edc6202579e47296d5aecb6d0,dbo.TRSValidateProcessKuponUpload,,dbo,TRSValidateProcessKuponUpload,false,false,exec,EXEC,true,false
dotnet-sample,clsDatabase.cs,clsDatabase.cs,code,csharp,1943,subTRSGenerateDataMatchingKuponForFileExcel,21700f0d13042bbf2af52e2ced49656dcb5f2903,TRSGenerateDataMatchingKuponForFileExcel,,,TRSGenerateDataMatchingKuponForFileExcel,false,false,exec,EXEC,true,false
dotnet-sample,clsDatabase.cs,clsDatabase.cs,code,csharp,1956,getParamaterTR,7cf568b656b5c59bc8f87c564851d43d9dd57cc3,dbo.trs_getParameterTR,,dbo,trs_getParameterTR,false,false,exec,EXEC,true,false
dotnet-sample,clsDatabase.cs,clsDatabase.cs,code,csharp,1972,TRSUpdateBlockSequence,decdd21341ba1300edd64d926846861d8fdfb16d,BlockSequence,,,BlockSequence,false,false,exec,EXEC,true,false
dotnet-sample,clsDatabase.cs,clsDatabase.cs,code,csharp,1989,subTRSValidateCutOffTimeTransaction,8afd9e830921816c2a2607c72acd7e492e17c784,dbo.trs_ValidateCutOffTimeTransaction,,dbo,trs_ValidateCutOffTimeTransaction,false,false,exec,EXEC,true,false
dotnet-sample,clsDatabase.cs,clsDatabase.cs,code,csharp,2008,subTRSPopulateSetlementTransaksiBankBeli,f388fd932474c8da0ab49e49cc666fc042ff4733,TRSProrateTrxTaxAmesty,,,TRSProrateTrxTaxAmesty,false,false,exec,EXEC,true,false
dotnet-sample,clsDatabase.cs,clsDatabase.cs,code,csharp,2020,subTRSPopulateSettlementKupon,e6a397fbe89be9c7b2c311e973cd8b475fcd08db,TRSPopulateSettlementKupon,,,TRSPopulateSettlementKupon,false,false,exec,EXEC,true,false
dotnet-sample,clsDatabase.cs,clsDatabase.cs,code,csharp,2033,subTRSProcessSettlementKupon,c317666ca6405d389f2cd9c45d8f4f8a0ccd83aa,TRSProcessSettlementKupon,,,TRSProcessSettlementKupon,false,false,exec,EXEC,true,false
dotnet-sample,clsDatabase.cs,clsDatabase.cs,code,csharp,2039,subTRSPopulateApprovalReleaseBookbld,e8b389b85cf03eb2b4bd2091b5ec66a0755697b5,TRSPopulateApproveReleaseBookbld,,,TRSPopulateApproveReleaseBookbld,false,false,exec,EXEC,true,false
dotnet-sample,clsDatabase.cs,clsDatabase.cs,code,csharp,2055,subTRSApproveReleaseBookbld,272e68e3d249190571a08182e97d607029f25314,TRSApproveBookbld,,,TRSApproveBookbld,false,false,exec,EXEC,true,false
dotnet-sample,clsDatabase.cs,clsDatabase.cs,code,csharp,2061,subTRSPopulateBlokirSwitchingTransaction,a35719943c361a67772a0d268544f02f35331877,TRSPopulateBlokirSwitchingTransaction,,,TRSPopulateBlokirSwitchingTransaction,false,false,exec,EXEC,true,false
dotnet-sample,clsDatabase.cs,clsDatabase.cs,code,csharp,2077,subTRSUpdateBlokirSwitchingTransaction,e1991d0f8541f0978f40c103051bf6a5034c096d,BlokirSwitchingTransaction,,,BlokirSwitchingTransaction,false,false,exec,EXEC,true,false
dotnet-sample,clsDatabase.cs,clsDatabase.cs,code,csharp,2097,subTRSUpdateBlokirMateraiFee,f5935047fa3d8276f5bc2e66ef5036a19425e22c,BlokirMateraiFee,,,BlokirMateraiFee,false,false,exec,EXEC,true,false
dotnet-sample,clsDatabase.cs,clsDatabase.cs,code,csharp,2107,DeleteTransactionMateraiFee,f03ee7f482759b0d4b37e402c0ea302b8c50a92c,ProcessInputMateraiFee,,,ProcessInputMateraiFee,false,false,exec,EXEC,true,false
dotnet-sample,clsDatabase.cs,clsDatabase.cs,code,csharp,2121,subTRSPopulateAlamatKorespondensi,c6f59485a0996bc5b3f95feff99ddf1f55047543,trs_PopulateAlamatNasabah,,,trs_PopulateAlamatNasabah,false,false,exec,EXEC,true,false
dotnet-sample,clsDatabase.cs,clsDatabase.cs,code,csharp,2135,subTRSPopulateMinimumRiskProfile,4005eb26b37d08fc259d9b3483fcdf3fa49a0b20,TRSPopulateMinimumRiskProfile,,,TRSPopulateMinimumRiskProfile,false,false,exec,EXEC,true,false
dotnet-sample,clsDatabase.cs,clsDatabase.cs,code,csharp,2143,subTRSPopulateTransaksiSuratBerhargaTemplate,e4234203e2fa696f7fd74f379ae446f2d62ca4f1,TRSPopulateTransaksiSuratBerhargaTemplate,,,TRSPopulateTransaksiSuratBerhargaTemplate,false,false,exec,EXEC,true,false
dotnet-sample,clsDatabase.cs,clsDatabase.cs,code,csharp,2153,subTRSRetailCalculateFee2,20697311881290071726d409095bb028e63af281,TRSRetailCalculateFee2,,,TRSRetailCalculateFee2,false,false,exec,EXEC,true,false
dotnet-sample,clsDatabase.cs,clsDatabase.cs,code,csharp,2169,subTRSUploadTransaksiSuratBerharga,fa988ffde43b14cb1e50e6a0ed1b8484a24da0e8,TRSProcessUploadTransaksiSuratBerharga,,,TRSProcessUploadTransaksiSuratBerharga,false,false,exec,EXEC,true,false
dotnet-sample,clsDatabase.cs,clsDatabase.cs,code,csharp,2180,GetSettlementBankBeliBlokirData,ed3e0a681b0e0ef3a7816af4c53cb299c889d50c,dbo.TRSGetSettBankBeliBlokirData,,dbo,TRSGetSettBankBeliBlokirData,false,false,exec,EXEC,true,false
dotnet-sample,clsDatabase.cs,clsDatabase.cs,code,csharp,2195,subTRSPopulateParameterMurexBIS4,3f2ca1dc6c4dde32fd2588e83de90c2ad79ddf6d,TRSPopulateMappingMurexBIS4,,,TRSPopulateMappingMurexBIS4,false,false,exec,EXEC,true,false
dotnet-sample,clsDatabase.cs,clsDatabase.cs,code,csharp,2220,subTRSSaveParameterMurexBIS4,fa9afe3582793adcaba0808f1058ab5737233423,TRSSaveMappingMurexBIS4,,,TRSSaveMappingMurexBIS4,false,false,exec,EXEC,true,false
dotnet-sample,clsDatabase.cs,clsDatabase.cs,code,csharp,2226,subTRSPopulateApprovalParameterMurexBIS4,a3c83f73d482dd4403d4e7e2fe651bd28e0de672,TRSPopulateApprovalMappingMurexBIS4,,,TRSPopulateApprovalMappingMurexBIS4,false,false,exec,EXEC,true,false
dotnet-sample,clsDatabase.cs,clsDatabase.cs,code,csharp,2242,subTRSApproveParameterMurexBIS4,0324702587c60c7466c71a78ae28d52db3bfd132,TRSApproveMappingMurexBIS4,,,TRSApproveMappingMurexBIS4,false,false,exec,EXEC,true,false
dotnet-sample,clsDatabase.cs,clsDatabase.cs,code,csharp,2253,subTRSPopulateUploadCTPMutex,531bf983a82a050ae1eab7cd58f548276666d4f0,TRSPopulateUploadCTPMurex,,,TRSPopulateUploadCTPMurex,false,false,exec,EXEC,true,false
dotnet-sample,clsDatabase.cs,clsDatabase.cs,code,csharp,2260,subTRSPopulateTemplateUploadCTPMurex,d7282a6b1cd873f858cc16c8e80429acc22bf841,TRSPopulateTemplateUploadCTPMurex,,,TRSPopulateTemplateUploadCTPMurex,false,false,exec,EXEC,true,false
dotnet-sample,clsDatabase.cs,clsDatabase.cs,code,csharp,2276,subTRSUploadDataCTPMurex,e312669b4adc6c98ff26f16e1b5de7b57e68e66c,TRSSaveUploadCTPMurex,,,TRSSaveUploadCTPMurex,false,false,exec,EXEC,true,false
dotnet-sample,clsDatabase.cs,clsDatabase.cs,code,csharp,2286,subTRSPopulateParameter,baf0c78eb54fc2ef0ad62bed6cd4384d736e5ae9,TRSPopulateParameter,,,TRSPopulateParameter,false,false,exec,EXEC,true,false
dotnet-sample,clsDatabase.cs,clsDatabase.cs,code,csharp,2308,subTRSPopulateSettlementBIS4,6620f32a6f0141a120767bd2e264dae8e64777dc,TRSPopulateSettlementBIS4,,,TRSPopulateSettlementBIS4,false,false,exec,EXEC,true,false
dotnet-sample,clsDatabase.cs,clsDatabase.cs,code,csharp,2318,subTRSPopulateSettlementBIS4Detail,b6139fa5c3f6f3815cc1a74db4b07d5ba03af1b0,TRSPopulateSettlementBIS4Detail,,,TRSPopulateSettlementBIS4Detail,false,false,exec,EXEC,true,false
dotnet-sample,clsDatabase.cs,clsDatabase.cs,code,csharp,2324,subTRSPopulateParticipantParamBIS4,fc026c6b2e956531ccb8631aa1b5ca4c747feca1,TRSPopulateParticipantParamBIS4,,,TRSPopulateParticipantParamBIS4,false,false,exec,EXEC,true,false
dotnet-sample,clsDatabase.cs,clsDatabase.cs,code,csharp,2330,subTRSPopulateCashAccountsParam,1f37644a6adb8cbb7b48206e06fd5b4debeb3586,TRSPopulateCashAccountsParam,,,TRSPopulateCashAccountsParam,false,false,exec,EXEC,true,false
dotnet-sample,clsDatabase.cs,clsDatabase.cs,code,csharp,2336,subTRSPopulateSubInstrumentParam,adf7dc1a1a1411b2f823c9f954fdff24f05b7bef,TRSPopulateSubInstrumentParam,,,TRSPopulateSubInstrumentParam,false,false,exec,EXEC,true,false
dotnet-sample,clsDatabase.cs,clsDatabase.cs,code,csharp,2350,subTRSProcessSettlementBIS4,48f59de524aa573fa1e915368b07aa4d6b09a489,TRSProcessSettlementBIS4,,,TRSProcessSettlementBIS4,false,false,exec,EXEC,true,false
dotnet-sample,clsDatabase.cs,clsDatabase.cs,code,csharp,2356,subTRSPopulateApprovalSettlementBIS4,941f88024b54b40b8775c0e008d208cf1d0a6f77,TRSPopulateApprovalSettlementBIS4,,,TRSPopulateApprovalSettlementBIS4,false,false,exec,EXEC,true,false
dotnet-sample,clsDatabase.cs,clsDatabase.cs,code,csharp,2372,subTRSProcessApprovalSettlementBIS4,5114f14a88ed30af8570ea24ea7d89c2b0b88e56,TRSProcessApprovalSettlementBIS4,,,TRSProcessApprovalSettlementBIS4,false,false,exec,EXEC,true,false
dotnet-sample,clsDatabase.cs,clsDatabase.cs,code,csharp,2378,subTRSCreateMTContentForBIS4,8522771d97b1335c48197e3dee9f00b0507bbff9,TRSCreateMTContentForBIS4,,,TRSCreateMTContentForBIS4,false,false,exec,EXEC,true,false
dotnet-sample,clsDatabase.cs,clsDatabase.cs,code,csharp,2394,subTRSReportSettlementBIS4,500732b6d4cba8642136b6f8b5425230664c5464,TRSReportSettlementBIS4,,,TRSReportSettlementBIS4,false,false,exec,EXEC,true,false
dotnet-sample,clsDatabase.cs,clsDatabase.cs,code,csharp,2404,subTRSPopulateAccSubAccBIS4,85dfb29414eb480428c2f363f6965796e25eeb91,TRSPopulateAccSubAccBIS4,,,TRSPopulateAccSubAccBIS4,false,false,exec,EXEC,true,false
dotnet-sample,clsDatabase.cs,clsDatabase.cs,code,csharp,2414,subTRSPopulatePaymentAgentBIS4,8fb6ed8cb4c79e6fd3eee69c24c05523f2658e62,TRSPopulatePaymentAgentBIS4,,,TRSPopulatePaymentAgentBIS4,false,false,exec,EXEC,true,false
dotnet-sample,clsDatabase.cs,clsDatabase.cs,code,csharp,2421,subTRSPopulateEditHargaModalAuthorization,fb084aada3517e24983ad7aa3f12117c88789133,TRSPopulateEditHargaModalAuthorization,,,TRSPopulateEditHargaModalAuthorization,false,false,exec,EXEC,true,false
dotnet-sample,clsDatabase.cs,clsDatabase.cs,code,csharp,2434,subTRSProcessApprovalEditHargaModal,10aecf588724bd52e720268107d82dde2bca0265,TRSProcessApprovalEditHargaModal,,,TRSProcessApprovalEditHargaModal,false,false,exec,EXEC,true,false
dotnet-sample,clsDatabase.cs,clsDatabase.cs,code,csharp,2450,subTRSSubmitSERI,593474f8883e6f4a4a951cb2003dbcdac503a5eb,TRSSubmitListSeriESBN,,,TRSSubmitListSeriESBN,false,false,exec,EXEC,true,false
dotnet-sample,clsDatabase.cs,clsDatabase.cs,code,csharp,2459,DocLinkPopulateData,54224bba6cac9141802c89389f85208b2a35016e,dbo.TRSPopulateDocsLink,,dbo,TRSPopulateDocsLink,false,false,exec,EXEC,true,false
dotnet-sample,clsDatabase.cs,clsDatabase.cs,code,csharp,2468,DocLinkSave,de985d44488824539d06b97df1ecc59822de0760,dbo.TRSProcessUploadDocsLink,,dbo,TRSProcessUploadDocsLink,false,false,exec,EXEC,true,false
dotnet-sample,clsDatabase.cs,clsDatabase.cs,code,csharp,2478,DocLinkAuthPopulateMaster,c344b9297a46c4ac1358a433353fc5f6d8e65f55,dbo.TRSPopulateMainAppUploadDocsLink,,dbo,TRSPopulateMainAppUploadDocsLink,false,false,exec,EXEC,true,false
dotnet-sample,clsDatabase.cs,clsDatabase.cs,code,csharp,2488,DocLinkAuthPopulateDetail,47f2b1299138697d8982d3316babfbf4a60f6576,dbo.TRSPopulateDetailAppUploadDocsLink,,dbo,TRSPopulateDetailAppUploadDocsLink,false,false,exec,EXEC,true,false
dotnet-sample,clsDatabase.cs,clsDatabase.cs,code,csharp,2498,DocLinkAuthProcess,1ab2570f8e9c95c9210aa2f18eb30717dfe38664,dbo.TRSProcessApprovalDocsLink,,dbo,TRSProcessApprovalDocsLink,false,false,exec,EXEC,true,false
dotnet-sample,clsDatabase.cs,clsDatabase.cs,code,csharp,2513,GetNextCouponDate,37bca5f95ad86713f1f38a4818fc010007716a92,dbo.SecurityGetNextCouponDate,,dbo,SecurityGetNextCouponDate,false,false,exec,EXEC,true,false
dotnet-sample,clsDatabase.cs,clsDatabase.cs,code,csharp,2524,TRSValidateUploadTrx,3f66050d248a6c30435442a541f0e8958d5490b3,TRSValidateUploadTransaction,,,TRSValidateUploadTransaction,false,false,exec,EXEC,true,false
dotnet-sample,clsDatabase.cs,clsDatabase.cs,code,csharp,2539,TRSUntagRekSBNPopulate,4683960a20f18c428c2fcf8b6d8482c040e75806,TRSUntagRekSBNPopulate,,,TRSUntagRekSBNPopulate,false,false,exec,EXEC,true,false
dotnet-sample,clsDatabase.cs,clsDatabase.cs,code,csharp,2549,TRSUntagRekSBNSave,244ec7650075c6cb77f025cd4addc10310e8da9d,TRSUntagRekSBNSave,,,TRSUntagRekSBNSave,false,false,exec,EXEC,true,false
dotnet-sample,clsDatabase.cs,clsDatabase.cs,code,csharp,2559,TRSUntagRekSBNPopulateApproval,9f811efbb28c298c4667be1b14d53fe236300906,TRSUntagRekSBNPopulateApproval,,,TRSUntagRekSBNPopulateApproval,false,false,exec,EXEC,true,false
dotnet-sample,clsDatabase.cs,clsDatabase.cs,code,csharp,2570,TRSUntagRekSBNProcessAuth,2cfc68be88ac8da1b8d1aef57f1ef94e98440641,TRSUntagRekSBNProcessAuth,,,TRSUntagRekSBNProcessAuth,false,false,exec,EXEC,true,false
dotnet-sample,clsDatabase.cs,clsDatabase.cs,code,csharp,2582,subTRSPopulateBlokirSwitchingTransaction,a35719943c361a67772a0d268544f02f35331877,TRSPopulateBlokirSwitchingTransaction,,,TRSPopulateBlokirSwitchingTransaction,false,false,exec,EXEC,true,false
dotnet-sample,clsDatabase.cs,clsDatabase.cs,code,csharp,2595,DeleteTransactionSekunder,381839bc60b84083a92601515eb733800c9f213c,ProcessInputSecurityMaster,,,ProcessInputSecurityMaster,false,false,exec,EXEC,true,false
dotnet-sample,clsDatabase.cs,clsDatabase.cs,code,csharp,2621,PopulateGagalProsesPerdana,13b176991437779b606655b4524503b566552183,TRSPopulateGagalBayarOri,,,TRSPopulateGagalBayarOri,false,false,exec,EXEC,true,false
dotnet-sample,clsDatabase.cs,clsDatabase.cs,code,csharp,2650,RePushProsesGagalPerdana,b5bf4b7e247c0d3fb74993b59a73c299f27c2562,TRSRePushGagalBayarOri,,,TRSRePushGagalBayarOri,false,false,exec,EXEC,true,false
dotnet-sample,clsDatabase.cs,clsDatabase.cs,code,csharp,2670,PopulateParameterUploadFLD,cd89f812843977e7c72a68d6c3e12561eb4e1025,TRSPopulateParameterUploadFLD,,,TRSPopulateParameterUploadFLD,false,false,exec,EXEC,true,false
dotnet-sample,clsDatabase.cs,clsDatabase.cs,code,csharp,2698,PopulateDataParameterUploadFLD,1ec157bcc5f0a227f5cf6acb39d8ad5608d8a4c2,TRSPopulateDataParameterFLD,,,TRSPopulateDataParameterFLD,false,false,exec,EXEC,true,false
dotnet-sample,clsDatabase.cs,clsDatabase.cs,code,csharp,2727,SaveParameterFLD,ce3641abac956ecee14fa8982649f4e48ad6765e,TRSBranchingSaveParamFLD,,,TRSBranchingSaveParamFLD,false,false,exec,EXEC,true,false
dotnet-sample,clsDatabase.cs,clsDatabase.cs,code,csharp,2756,SaveParameterFLDEach,408f5cece37f63827bfbd065ecf7d5cd9cfee5ef,TRSProcessSaveParameterFLD,,,TRSProcessSaveParameterFLD,false,false,exec,EXEC,true,false
dotnet-sample,clsDatabase.cs,clsDatabase.cs,code,csharp,2784,ValidateParameterFLD,3144cd89e3dadb8862461e53d00de237573186ba,TRSValidateUploadParameterFLD,,,TRSValidateUploadParameterFLD,false,false,exec,EXEC,true,false
dotnet-sample,clsDatabase.cs,clsDatabase.cs,code,csharp,2808,ValidateDocLinkUrl,401d49532f6d91ea9a79e84c9cf1d86abdda3a16,dbo.TRSValidateDocsLinkUrl,,dbo,TRSValidateDocsLinkUrl,false,false,exec,EXEC,true,false
dotnet-sample,clsDatabase.cs,clsDatabase.cs,code,csharp,2831,DocLinkSave,de985d44488824539d06b97df1ecc59822de0760,dbo.TRSProcessUploadDocsLink,,dbo,TRSProcessUploadDocsLink,false,false,exec,EXEC,true,false
dotnet-sample,clsDatabase.cs,clsDatabase.cs,code,csharp,2854,GetSecurityTypeParam,44af6073f0abe5ee8a5494eabe095fe5d9abc6d8,TRSGetSecurityTypeParam,,,TRSGetSecurityTypeParam,false,false,exec,EXEC,true,false
dotnet-sample,clsDatabase.cs,clsDatabase.cs,code,csharp,2872,PopulateParameterMergeFile,9b5cc9f722a2fa427ed55b95290f33867e2b8894,dbo.TRSPopulateParameterMergeFile,,dbo,TRSPopulateParameterMergeFile,false,false,exec,EXEC,true,false
dotnet-sample,clsDatabase.cs,clsDatabase.cs,code,csharp,2884,MergeFileUpload,303d634d8c69cf6c7632d7f2684fa5281f642f2f,dbo.TRSMergeFileUpload,,dbo,TRSMergeFileUpload,false,false,exec,EXEC,true,false
dotnet-sample,clsDatabase.cs,clsDatabase.cs,code,csharp,2896,UpdateFileMaturity,0f24937fc6320e269f3b935e873e785a0f9e5c18,FileUploadMaturity,,,FileUploadMaturity,false,false,exec,EXEC,true,false
dotnet-sample,clsValasService.cs,clsValasService.cs,code,csharp,167,openxml,f8c5021bd065f6da35faee1cb9d200a1cf42377f,openxml,,,openxml,false,false,exec,EXEC,true,false
dotnet-sample,clsValasService.cs,clsValasService.cs,code,csharp,167,openxml,f8c5021bd065f6da35faee1cb9d200a1cf42377f,sp_xml_preparedocument,,,sp_xml_preparedocument,false,false,exec,EXEC,true,false
dotnet-sample,clsValasService.cs,clsValasService.cs,code,csharp,167,openxml,f8c5021bd065f6da35faee1cb9d200a1cf42377f,dbo.TDeal,,dbo,TDeal,false,false,exec,EXEC,true,false
dotnet-sample,clsValasService.cs,clsValasService.cs,code,csharp,283,InquiryZFXMAST,f9e55379f662dee567fff8a7a8f5654d4971ff68,dbo.ZFXMAST,,dbo,ZFXMAST,false,false,source,SELECT,false,false
dotnet-sample,clsValasService.cs,clsValasService.cs,code,csharp,352,in,6f328205d309a5fc435e8e740ec0342cf9aa0b67,dbo.VLSTransactions_TR_BackupONFX276,,dbo,VLSTransactions_TR_BackupONFX276,false,false,source,SELECT,false,false
dotnet-sample,clsValasService.cs,clsValasService.cs,code,csharp,451,isnull,d5bdcd4d6b9ed9c3c0891cb77936b643db0bffd9,dbo.TRN_HDR_FX,,dbo,TRN_HDR_FX,false,false,source,SELECT,false,false
dotnet-sample,clsValasService.cs,clsValasService.cs,code,csharp,765,openxml,8a381d6293ffef43e8ae2e2dfd173bf535b433a2,openxml,,,openxml,false,false,exec,EXEC,true,false
dotnet-sample,clsValasService.cs,clsValasService.cs,code,csharp,765,openxml,8a381d6293ffef43e8ae2e2dfd173bf535b433a2,sp_xml_preparedocument,,,sp_xml_preparedocument,false,false,exec,EXEC,true,false
dotnet-sample,clsValasService.cs,clsValasService.cs,code,csharp,765,openxml,8a381d6293ffef43e8ae2e2dfd173bf535b433a2,dbo.TDealDocument,,dbo,TDealDocument,false,false,exec,EXEC,true,false
dotnet-sample,clsValasService.cs,clsValasService.cs,code,csharp,873,openxml,7bac51b6bc326c91a1ba1a65545824d2174daede,openxml,,,openxml,false,false,exec,EXEC,true,false
dotnet-sample,clsValasService.cs,clsValasService.cs,code,csharp,873,openxml,7bac51b6bc326c91a1ba1a65545824d2174daede,sp_xml_preparedocument,,,sp_xml_preparedocument,false,false,exec,EXEC,true,false
dotnet-sample,clsValasService.cs,clsValasService.cs,code,csharp,873,openxml,7bac51b6bc326c91a1ba1a65545824d2174daede,dbo.TAgent,,dbo,TAgent,false,false,exec,EXEC,true,false
dotnet-sample,clsValasService.cs,clsValasService.cs,code,csharp,1054,VARCHAR,65065dc6722432190c0b36716fbd7bc8ddca1460,openxml,,,openxml,false,false,exec,EXEC,true,false
dotnet-sample,clsValasService.cs,clsValasService.cs,code,csharp,1054,VARCHAR,65065dc6722432190c0b36716fbd7bc8ddca1460,sp_xml_preparedocument,,,sp_xml_preparedocument,false,false,exec,EXEC,true,false
dotnet-sample,clsValasService.cs,clsValasService.cs,code,csharp,1054,VARCHAR,65065dc6722432190c0b36716fbd7bc8ddca1460,dbo.,,dbo,,false,false,exec,EXEC,true,false
dotnet-sample,clsValasService.cs,clsValasService.cs,code,csharp,1060,VARCHAR,65065dc6722432190c0b36716fbd7bc8ddca1460,openxml,,,openxml,false,false,exec,EXEC,true,false
dotnet-sample,clsValasService.cs,clsValasService.cs,code,csharp,1060,VARCHAR,65065dc6722432190c0b36716fbd7bc8ddca1460,sp_xml_preparedocument,,,sp_xml_preparedocument,false,false,exec,EXEC,true,false
dotnet-sample,clsValasService.cs,clsValasService.cs,code,csharp,1060,VARCHAR,65065dc6722432190c0b36716fbd7bc8ddca1460,dbo.,,dbo,,false,false,exec,EXEC,true,false
dotnet-sample,clsValasService.cs,clsValasService.cs,code,csharp,1066,VARCHAR,65065dc6722432190c0b36716fbd7bc8ddca1460,openxml,,,openxml,false,false,exec,EXEC,true,false
dotnet-sample,clsValasService.cs,clsValasService.cs,code,csharp,1066,VARCHAR,65065dc6722432190c0b36716fbd7bc8ddca1460,sp_xml_preparedocument,,,sp_xml_preparedocument,false,false,exec,EXEC,true,false
dotnet-sample,clsValasService.cs,clsValasService.cs,code,csharp,1066,VARCHAR,65065dc6722432190c0b36716fbd7bc8ddca1460,dbo.,,dbo,,false,false,exec,EXEC,true,false
dotnet-sample,clsValasService.cs,clsValasService.cs,code,csharp,1214,VARCHAR,420bc7edd8096409f1cf2ed4e386c14b6f36ec38,openxml,,,openxml,false,false,exec,EXEC,true,false
dotnet-sample,clsValasService.cs,clsValasService.cs,code,csharp,1214,VARCHAR,420bc7edd8096409f1cf2ed4e386c14b6f36ec38,sp_xml_preparedocument,,,sp_xml_preparedocument,false,false,exec,EXEC,true,false
dotnet-sample,clsValasService.cs,clsValasService.cs,code,csharp,1214,VARCHAR,420bc7edd8096409f1cf2ed4e386c14b6f36ec38,dbo.,,dbo,,false,false,exec,EXEC,true,false
dotnet-sample,clsValasService.cs,clsValasService.cs,code,csharp,1220,VARCHAR,420bc7edd8096409f1cf2ed4e386c14b6f36ec38,openxml,,,openxml,false,false,exec,EXEC,true,false
dotnet-sample,clsValasService.cs,clsValasService.cs,code,csharp,1220,VARCHAR,420bc7edd8096409f1cf2ed4e386c14b6f36ec38,sp_xml_preparedocument,,,sp_xml_preparedocument,false,false,exec,EXEC,true,false
dotnet-sample,clsValasService.cs,clsValasService.cs,code,csharp,1220,VARCHAR,420bc7edd8096409f1cf2ed4e386c14b6f36ec38,dbo.,,dbo,,false,false,exec,EXEC,true,false
dotnet-sample,clsValasService.cs,clsValasService.cs,code,csharp,1226,VARCHAR,420bc7edd8096409f1cf2ed4e386c14b6f36ec38,openxml,,,openxml,false,false,exec,EXEC,true,false
dotnet-sample,clsValasService.cs,clsValasService.cs,code,csharp,1226,VARCHAR,420bc7edd8096409f1cf2ed4e386c14b6f36ec38,sp_xml_preparedocument,,,sp_xml_preparedocument,false,false,exec,EXEC,true,false
dotnet-sample,clsValasService.cs,clsValasService.cs,code,csharp,1226,VARCHAR,420bc7edd8096409f1cf2ed4e386c14b6f36ec38,dbo.,,dbo,,false,false,exec,EXEC,true,false
dotnet-sample,clsValasService.cs,clsValasService.cs,code,csharp,1439,VARCHAR,4e6a08037055c9fa70c0f92786462ccf4eb5b524,openxml,,,openxml,false,false,exec,EXEC,true,false
dotnet-sample,clsValasService.cs,clsValasService.cs,code,csharp,1439,VARCHAR,4e6a08037055c9fa70c0f92786462ccf4eb5b524,sp_xml_preparedocument,,,sp_xml_preparedocument,false,false,exec,EXEC,true,false
dotnet-sample,clsValasService.cs,clsValasService.cs,code,csharp,1439,VARCHAR,4e6a08037055c9fa70c0f92786462ccf4eb5b524,dbo.,,dbo,,false,false,exec,EXEC,true,false
dotnet-sample,clsValasService.cs,clsValasService.cs,code,csharp,1445,VARCHAR,4e6a08037055c9fa70c0f92786462ccf4eb5b524,openxml,,,openxml,false,false,exec,EXEC,true,false
dotnet-sample,clsValasService.cs,clsValasService.cs,code,csharp,1445,VARCHAR,4e6a08037055c9fa70c0f92786462ccf4eb5b524,sp_xml_preparedocument,,,sp_xml_preparedocument,false,false,exec,EXEC,true,false
dotnet-sample,clsValasService.cs,clsValasService.cs,code,csharp,1445,VARCHAR,4e6a08037055c9fa70c0f92786462ccf4eb5b524,dbo.,,dbo,,false,false,exec,EXEC,true,false
dotnet-sample,clsValasService.cs,clsValasService.cs,code,csharp,1451,VARCHAR,4e6a08037055c9fa70c0f92786462ccf4eb5b524,openxml,,,openxml,false,false,exec,EXEC,true,false
dotnet-sample,clsValasService.cs,clsValasService.cs,code,csharp,1451,VARCHAR,4e6a08037055c9fa70c0f92786462ccf4eb5b524,sp_xml_preparedocument,,,sp_xml_preparedocument,false,false,exec,EXEC,true,false
dotnet-sample,clsValasService.cs,clsValasService.cs,code,csharp,1451,VARCHAR,4e6a08037055c9fa70c0f92786462ccf4eb5b524,dbo.,,dbo,,false,false,exec,EXEC,true,false
dotnet-sample,clsValasService.cs,clsValasService.cs,code,csharp,1511,Exception,767ca721cca8ececd23f0cee473c30ed4fa6b47a,openxml,,,openxml,false,false,exec,EXEC,true,false
dotnet-sample,clsValasService.cs,clsValasService.cs,code,csharp,1511,Exception,767ca721cca8ececd23f0cee473c30ed4fa6b47a,sp_xml_preparedocument,,,sp_xml_preparedocument,false,false,exec,EXEC,true,false
dotnet-sample,clsValasService.cs,clsValasService.cs,code,csharp,1517,Exception,767ca721cca8ececd23f0cee473c30ed4fa6b47a,openxml,,,openxml,false,false,exec,EXEC,true,false
dotnet-sample,clsValasService.cs,clsValasService.cs,code,csharp,1517,Exception,767ca721cca8ececd23f0cee473c30ed4fa6b47a,sp_xml_preparedocument,,,sp_xml_preparedocument,false,false,exec,EXEC,true,false
dotnet-sample,clsValasService.cs,clsValasService.cs,code,csharp,1523,Exception,767ca721cca8ececd23f0cee473c30ed4fa6b47a,openxml,,,openxml,false,false,exec,EXEC,true,false
dotnet-sample,clsValasService.cs,clsValasService.cs,code,csharp,1523,Exception,767ca721cca8ececd23f0cee473c30ed4fa6b47a,sp_xml_preparedocument,,,sp_xml_preparedocument,false,false,exec,EXEC,true,false
dotnet-sample,clsValasService.cs,clsValasService.cs,code,csharp,1582,Exception,767ca721cca8ececd23f0cee473c30ed4fa6b47a,openxml,,,openxml,false,false,exec,EXEC,true,false
dotnet-sample,clsValasService.cs,clsValasService.cs,code,csharp,1582,Exception,767ca721cca8ececd23f0cee473c30ed4fa6b47a,sp_xml_preparedocument,,,sp_xml_preparedocument,false,false,exec,EXEC,true,false
dotnet-sample,clsValasService.cs,clsValasService.cs,code,csharp,1588,Exception,767ca721cca8ececd23f0cee473c30ed4fa6b47a,openxml,,,openxml,false,false,exec,EXEC,true,false
dotnet-sample,clsValasService.cs,clsValasService.cs,code,csharp,1588,Exception,767ca721cca8ececd23f0cee473c30ed4fa6b47a,sp_xml_preparedocument,,,sp_xml_preparedocument,false,false,exec,EXEC,true,false
dotnet-sample,clsValasService.cs,clsValasService.cs,code,csharp,1594,Exception,767ca721cca8ececd23f0cee473c30ed4fa6b47a,openxml,,,openxml,false,false,exec,EXEC,true,false
dotnet-sample,clsValasService.cs,clsValasService.cs,code,csharp,1594,Exception,767ca721cca8ececd23f0cee473c30ed4fa6b47a,sp_xml_preparedocument,,,sp_xml_preparedocument,false,false,exec,EXEC,true,false
dotnet-sample,clsValasService.cs,clsValasService.cs,code,csharp,1653,Exception,767ca721cca8ececd23f0cee473c30ed4fa6b47a,openxml,,,openxml,false,false,exec,EXEC,true,false
dotnet-sample,clsValasService.cs,clsValasService.cs,code,csharp,1653,Exception,767ca721cca8ececd23f0cee473c30ed4fa6b47a,sp_xml_preparedocument,,,sp_xml_preparedocument,false,false,exec,EXEC,true,false
dotnet-sample,clsValasService.cs,clsValasService.cs,code,csharp,1659,Exception,767ca721cca8ececd23f0cee473c30ed4fa6b47a,openxml,,,openxml,false,false,exec,EXEC,true,false
dotnet-sample,clsValasService.cs,clsValasService.cs,code,csharp,1659,Exception,767ca721cca8ececd23f0cee473c30ed4fa6b47a,sp_xml_preparedocument,,,sp_xml_preparedocument,false,false,exec,EXEC,true,false
dotnet-sample,clsValasService.cs,clsValasService.cs,code,csharp,1665,Exception,767ca721cca8ececd23f0cee473c30ed4fa6b47a,openxml,,,openxml,false,false,exec,EXEC,true,false
dotnet-sample,clsValasService.cs,clsValasService.cs,code,csharp,1665,Exception,767ca721cca8ececd23f0cee473c30ed4fa6b47a,sp_xml_preparedocument,,,sp_xml_preparedocument,false,false,exec,EXEC,true,false
dotnet-sample,clsValasService.cs,clsValasService.cs,code,csharp,2821,ISNULL,0c3c97d71958c84f9a5f62674a1b83c5ec380bb3,dbo.,,dbo,,false,false,source,SELECT,false,false
dotnet-sample,clsValasService.cs,clsValasService.cs,code,csharp,2821,ISNULL,0c3c97d71958c84f9a5f62674a1b83c5ec380bb3,dbo.,,dbo,,false,false,target,INSERT,true,false
dotnet-sample,clsValasService.cs,clsValasService.cs,code,csharp,2821,ISNULL,0c3c97d71958c84f9a5f62674a1b83c5ec380bb3,dbo.VLSResultFinal_TH,,dbo,VLSResultFinal_TH,false,false,source,SELECT,false,false
dotnet-sample,clsValasService.cs,clsValasService.cs,code,csharp,2827,ISNULL,0c3c97d71958c84f9a5f62674a1b83c5ec380bb3,dbo.,,dbo,,false,false,source,SELECT,false,false
dotnet-sample,clsValasService.cs,clsValasService.cs,code,csharp,2827,ISNULL,0c3c97d71958c84f9a5f62674a1b83c5ec380bb3,dbo.,,dbo,,false,false,target,INSERT,true,false
dotnet-sample,clsValasService.cs,clsValasService.cs,code,csharp,2827,ISNULL,0c3c97d71958c84f9a5f62674a1b83c5ec380bb3,dbo.VLSResultFinal_TH,,dbo,VLSResultFinal_TH,false,false,source,SELECT,false,false
dotnet-sample,clsValasService.cs,clsValasService.cs,code,csharp,2833,ISNULL,0c3c97d71958c84f9a5f62674a1b83c5ec380bb3,dbo.,,dbo,,false,false,source,SELECT,false,false
dotnet-sample,clsValasService.cs,clsValasService.cs,code,csharp,2833,ISNULL,0c3c97d71958c84f9a5f62674a1b83c5ec380bb3,dbo.,,dbo,,false,false,target,INSERT,true,false
dotnet-sample,clsValasService.cs,clsValasService.cs,code,csharp,2833,ISNULL,0c3c97d71958c84f9a5f62674a1b83c5ec380bb3,dbo.VLSResultFinal_TH,,dbo,VLSResultFinal_TH,false,false,source,SELECT,false,false
dotnet-sample,clsValasService.cs,clsValasService.cs,code,csharp,3086,ISNULL,0c3c97d71958c84f9a5f62674a1b83c5ec380bb3,dbo.,,dbo,,false,false,source,SELECT,false,false
dotnet-sample,clsValasService.cs,clsValasService.cs,code,csharp,3086,ISNULL,0c3c97d71958c84f9a5f62674a1b83c5ec380bb3,dbo.,,dbo,,false,false,target,INSERT,true,false
dotnet-sample,clsValasService.cs,clsValasService.cs,code,csharp,3086,ISNULL,0c3c97d71958c84f9a5f62674a1b83c5ec380bb3,dbo.VLSResultFinal_TH,,dbo,VLSResultFinal_TH,false,false,source,SELECT,false,false
dotnet-sample,clsValasService.cs,clsValasService.cs,code,csharp,3092,ISNULL,0c3c97d71958c84f9a5f62674a1b83c5ec380bb3,dbo.,,dbo,,false,false,source,SELECT,false,false
dotnet-sample,clsValasService.cs,clsValasService.cs,code,csharp,3092,ISNULL,0c3c97d71958c84f9a5f62674a1b83c5ec380bb3,dbo.,,dbo,,false,false,target,INSERT,true,false
dotnet-sample,clsValasService.cs,clsValasService.cs,code,csharp,3092,ISNULL,0c3c97d71958c84f9a5f62674a1b83c5ec380bb3,dbo.VLSResultFinal_TH,,dbo,VLSResultFinal_TH,false,false,source,SELECT,false,false
dotnet-sample,clsValasService.cs,clsValasService.cs,code,csharp,3098,ISNULL,0c3c97d71958c84f9a5f62674a1b83c5ec380bb3,dbo.,,dbo,,false,false,source,SELECT,false,false
dotnet-sample,clsValasService.cs,clsValasService.cs,code,csharp,3098,ISNULL,0c3c97d71958c84f9a5f62674a1b83c5ec380bb3,dbo.,,dbo,,false,false,target,INSERT,true,false
dotnet-sample,clsValasService.cs,clsValasService.cs,code,csharp,3098,ISNULL,0c3c97d71958c84f9a5f62674a1b83c5ec380bb3,dbo.VLSResultFinal_TH,,dbo,VLSResultFinal_TH,false,false,source,SELECT,false,false
dotnet-sample,clsValasService.cs,clsValasService.cs,code,csharp,3621,VARCHAR,0458a016ea5ceea59d393cb1410549509d05c4c0,openxml,,,openxml,false,false,exec,EXEC,true,false
dotnet-sample,clsValasService.cs,clsValasService.cs,code,csharp,3621,VARCHAR,0458a016ea5ceea59d393cb1410549509d05c4c0,sp_xml_preparedocument,,,sp_xml_preparedocument,false,false,exec,EXEC,true,false
dotnet-sample,clsValasService.cs,clsValasService.cs,code,csharp,3621,VARCHAR,0458a016ea5ceea59d393cb1410549509d05c4c0,dbo.VLSSummary_TM,,dbo,VLSSummary_TM,false,false,exec,EXEC,true,false
dotnet-sample,clsValasService.cs,clsValasService.cs,code,csharp,3757,VARCHAR,5ace9e6b4f34b1300f57478397acd23f075ff59b,openxml,,,openxml,false,false,exec,EXEC,true,false
dotnet-sample,clsValasService.cs,clsValasService.cs,code,csharp,3757,VARCHAR,5ace9e6b4f34b1300f57478397acd23f075ff59b,sp_xml_preparedocument,,,sp_xml_preparedocument,false,false,exec,EXEC,true,false
dotnet-sample,clsValasService.cs,clsValasService.cs,code,csharp,3795,DeleteDataValasTransaction,6ac1364217e6d69be4e7b9183695e92f8bd23995,dbo.VLSTransactions_TR,,dbo,VLSTransactions_TR,false,false,target,TRUNCATE,true,false
dotnet-sample,clsValasService.cs,clsValasService.cs,code,csharp,3798,DeleteDataValasTransaction,6ac1364217e6d69be4e7b9183695e92f8bd23995,dbo.VLSTransactions_TR,,dbo,VLSTransactions_TR,false,false,target,TRUNCATE,true,false
dotnet-sample,clsValasService.cs,clsValasService.cs,code,csharp,3801,DeleteDataValasTransaction,6ac1364217e6d69be4e7b9183695e92f8bd23995,dbo.VLSTransactions_TR,,dbo,VLSTransactions_TR,false,false,target,TRUNCATE,true,false
dotnet-sample,clsValasService.cs,clsValasService.cs,code,csharp,3844,DeleteDataValasSummary,47438f4e398931c3034da9776312d165c92c5d5a,dbo.VLSSummary_TM,,dbo,VLSSummary_TM,false,false,target,TRUNCATE,true,false
dotnet-sample,clsValasService.cs,clsValasService.cs,code,csharp,3847,DeleteDataValasSummary,47438f4e398931c3034da9776312d165c92c5d5a,dbo.VLSSummary_TM,,dbo,VLSSummary_TM,false,false,target,TRUNCATE,true,false
dotnet-sample,clsValasService.cs,clsValasService.cs,code,csharp,3850,DeleteDataValasSummary,47438f4e398931c3034da9776312d165c92c5d5a,dbo.VLSSummary_TM,,dbo,VLSSummary_TM,false,false,target,TRUNCATE,true,false
dotnet-sample,clsValasService.cs,clsValasService.cs,code,csharp,3894,DeleteDataValasSummaryFXOption,6c0f1160e218eb712f67045a6ea75fcc71356204,dbo.VLSSummaryFXOption_TM,,dbo,VLSSummaryFXOption_TM,false,false,target,TRUNCATE,true,false
dotnet-sample,clsValasService.cs,clsValasService.cs,code,csharp,3897,DeleteDataValasSummaryFXOption,6c0f1160e218eb712f67045a6ea75fcc71356204,dbo.VLSSummaryFXOption_TM,,dbo,VLSSummaryFXOption_TM,false,false,target,TRUNCATE,true,false
dotnet-sample,clsValasService.cs,clsValasService.cs,code,csharp,3900,DeleteDataValasSummaryFXOption,6c0f1160e218eb712f67045a6ea75fcc71356204,dbo.VLSSummaryFXOption_TM,,dbo,VLSSummaryFXOption_TM,false,false,target,TRUNCATE,true,false
dotnet-sample,clsValasService.cs,clsValasService.cs,code,csharp,3957,DeleteDataValasResult,83bdbe11b7b031499bc61deaaafcdd04ad5d8d4e,dbo.,,dbo,,false,false,target,TRUNCATE,true,false
dotnet-sample,clsValasService.cs,clsValasService.cs,code,csharp,3978,DeleteDataValasResult,83bdbe11b7b031499bc61deaaafcdd04ad5d8d4e,dbo.,,dbo,,false,false,target,TRUNCATE,true,false
dotnet-sample,clsValasService.cs,clsValasService.cs,code,csharp,3999,DeleteDataValasResult,83bdbe11b7b031499bc61deaaafcdd04ad5d8d4e,dbo.,,dbo,,false,false,target,TRUNCATE,true,false
dotnet-sample,clsValasService.cs,clsValasService.cs,code,csharp,4332,Exception,767ca721cca8ececd23f0cee473c30ed4fa6b47a,openxml,,,openxml,false,false,exec,EXEC,true,false
dotnet-sample,clsValasService.cs,clsValasService.cs,code,csharp,4332,Exception,767ca721cca8ececd23f0cee473c30ed4fa6b47a,sp_xml_preparedocument,,,sp_xml_preparedocument,false,false,exec,EXEC,true,false
dotnet-sample,clsValasService.cs,clsValasService.cs,code,csharp,4398,Exception,767ca721cca8ececd23f0cee473c30ed4fa6b47a,openxml,,,openxml,false,false,exec,EXEC,true,false
dotnet-sample,clsValasService.cs,clsValasService.cs,code,csharp,4398,Exception,767ca721cca8ececd23f0cee473c30ed4fa6b47a,sp_xml_preparedocument,,,sp_xml_preparedocument,false,false,exec,EXEC,true,false
dotnet-sample,clsValasService.cs,clsValasService.cs,code,csharp,4465,Exception,767ca721cca8ececd23f0cee473c30ed4fa6b47a,openxml,,,openxml,false,false,exec,EXEC,true,false
dotnet-sample,clsValasService.cs,clsValasService.cs,code,csharp,4465,Exception,767ca721cca8ececd23f0cee473c30ed4fa6b47a,sp_xml_preparedocument,,,sp_xml_preparedocument,false,false,exec,EXEC,true,false
dotnet-sample,clsValasService.cs,clsValasService.cs,code,csharp,4748,Exception,767ca721cca8ececd23f0cee473c30ed4fa6b47a,openxml,,,openxml,false,false,exec,EXEC,true,false
dotnet-sample,clsValasService.cs,clsValasService.cs,code,csharp,4748,Exception,767ca721cca8ececd23f0cee473c30ed4fa6b47a,sp_xml_preparedocument,,,sp_xml_preparedocument,false,false,exec,EXEC,true,false
dotnet-sample,clsValasService.cs,clsValasService.cs,code,csharp,4814,Exception,767ca721cca8ececd23f0cee473c30ed4fa6b47a,openxml,,,openxml,false,false,exec,EXEC,true,false
dotnet-sample,clsValasService.cs,clsValasService.cs,code,csharp,4814,Exception,767ca721cca8ececd23f0cee473c30ed4fa6b47a,sp_xml_preparedocument,,,sp_xml_preparedocument,false,false,exec,EXEC,true,false
dotnet-sample,clsValasService.cs,clsValasService.cs,code,csharp,4880,Exception,767ca721cca8ececd23f0cee473c30ed4fa6b47a,openxml,,,openxml,false,false,exec,EXEC,true,false
dotnet-sample,clsValasService.cs,clsValasService.cs,code,csharp,4880,Exception,767ca721cca8ececd23f0cee473c30ed4fa6b47a,sp_xml_preparedocument,,,sp_xml_preparedocument,false,false,exec,EXEC,true,false
dotnet-sample,clsValasService.cs,clsValasService.cs,code,csharp,5477,Exception,83bdbe11b7b031499bc61deaaafcdd04ad5d8d4e,dbo.,,dbo,,false,false,target,TRUNCATE,true,false
dotnet-sample,clsValasService.cs,clsValasService.cs,code,csharp,5565,Exception,83bdbe11b7b031499bc61deaaafcdd04ad5d8d4e,dbo.,,dbo,,false,false,target,TRUNCATE,true,false
dotnet-sample,clsValasService.cs,clsValasService.cs,code,csharp,5653,Exception,83bdbe11b7b031499bc61deaaafcdd04ad5d8d4e,dbo.,,dbo,,false,false,target,TRUNCATE,true,false
dotnet-sample,clsValasService.cs,clsValasService.cs,code,csharp,6008,ISNULL,0c3c97d71958c84f9a5f62674a1b83c5ec380bb3,dbo.,,dbo,,false,false,source,SELECT,false,false
dotnet-sample,clsValasService.cs,clsValasService.cs,code,csharp,6008,ISNULL,0c3c97d71958c84f9a5f62674a1b83c5ec380bb3,dbo.,,dbo,,false,false,target,INSERT,true,false
dotnet-sample,clsValasService.cs,clsValasService.cs,code,csharp,6008,ISNULL,0c3c97d71958c84f9a5f62674a1b83c5ec380bb3,dbo.VLSResultFinal_TH,,dbo,VLSResultFinal_TH,false,false,source,SELECT,false,false
dotnet-sample,clsValasService.cs,clsValasService.cs,code,csharp,6097,ISNULL,0c3c97d71958c84f9a5f62674a1b83c5ec380bb3,dbo.,,dbo,,false,false,source,SELECT,false,false
dotnet-sample,clsValasService.cs,clsValasService.cs,code,csharp,6097,ISNULL,0c3c97d71958c84f9a5f62674a1b83c5ec380bb3,dbo.,,dbo,,false,false,target,INSERT,true,false
dotnet-sample,clsValasService.cs,clsValasService.cs,code,csharp,6097,ISNULL,0c3c97d71958c84f9a5f62674a1b83c5ec380bb3,dbo.VLSResultFinal_TH,,dbo,VLSResultFinal_TH,false,false,source,SELECT,false,false
dotnet-sample,clsValasService.cs,clsValasService.cs,code,csharp,6371,VARCHAR,dd6d9d32bff114f09cee66a46cede82ec229530a,openxml,,,openxml,false,false,exec,EXEC,true,false
dotnet-sample,clsValasService.cs,clsValasService.cs,code,csharp,6371,VARCHAR,dd6d9d32bff114f09cee66a46cede82ec229530a,sp_xml_preparedocument,,,sp_xml_preparedocument,false,false,exec,EXEC,true,false
dotnet-sample,clsValasService.cs,clsValasService.cs,code,csharp,6371,VARCHAR,dd6d9d32bff114f09cee66a46cede82ec229530a,dbo.VLSSummaryFXOption_TM,,dbo,VLSSummaryFXOption_TM,false,false,exec,EXEC,true,false
dotnet-sample,clsValasService.cs,clsValasService.cs,code,csharp,6622,Exception,767ca721cca8ececd23f0cee473c30ed4fa6b47a,openxml,,,openxml,false,false,exec,EXEC,true,false
dotnet-sample,clsValasService.cs,clsValasService.cs,code,csharp,6622,Exception,767ca721cca8ececd23f0cee473c30ed4fa6b47a,sp_xml_preparedocument,,,sp_xml_preparedocument,false,false,exec,EXEC,true,false
dotnet-sample,clsValasService.cs,clsValasService.cs,code,csharp,6688,Exception,767ca721cca8ececd23f0cee473c30ed4fa6b47a,openxml,,,openxml,false,false,exec,EXEC,true,false
dotnet-sample,clsValasService.cs,clsValasService.cs,code,csharp,6688,Exception,767ca721cca8ececd23f0cee473c30ed4fa6b47a,sp_xml_preparedocument,,,sp_xml_preparedocument,false,false,exec,EXEC,true,false
dotnet-sample,clsValasService.cs,clsValasService.cs,code,csharp,6754,Exception,767ca721cca8ececd23f0cee473c30ed4fa6b47a,openxml,,,openxml,false,false,exec,EXEC,true,false
dotnet-sample,clsValasService.cs,clsValasService.cs,code,csharp,6754,Exception,767ca721cca8ececd23f0cee473c30ed4fa6b47a,sp_xml_preparedocument,,,sp_xml_preparedocument,false,false,exec,EXEC,true,false
dotnet-sample,clsValasService.cs,clsValasService.cs,code,csharp,8526,DeleteDataValasTransactionV2,83bdbe11b7b031499bc61deaaafcdd04ad5d8d4e,dbo.,,dbo,,false,false,target,TRUNCATE,true,false
dotnet-sample,clsValasService.cs,clsValasService.cs,code,csharp,8543,DeleteDataValasTransactionV2,83bdbe11b7b031499bc61deaaafcdd04ad5d8d4e,dbo.,,dbo,,false,false,target,TRUNCATE,true,false
dotnet-sample,clsValasService.cs,clsValasService.cs,code,csharp,8560,DeleteDataValasTransactionV2,83bdbe11b7b031499bc61deaaafcdd04ad5d8d4e,dbo.,,dbo,,false,false,target,TRUNCATE,true,false
dotnet-sample,clsValasService.cs,clsValasService.cs,code,csharp,8611,DeleteDataValasSummaryV2,83bdbe11b7b031499bc61deaaafcdd04ad5d8d4e,dbo.,,dbo,,false,false,target,TRUNCATE,true,false
dotnet-sample,clsValasService.cs,clsValasService.cs,code,csharp,8628,DeleteDataValasSummaryV2,83bdbe11b7b031499bc61deaaafcdd04ad5d8d4e,dbo.,,dbo,,false,false,target,TRUNCATE,true,false
dotnet-sample,clsValasService.cs,clsValasService.cs,code,csharp,8645,DeleteDataValasSummaryV2,83bdbe11b7b031499bc61deaaafcdd04ad5d8d4e,dbo.,,dbo,,false,false,target,TRUNCATE,true,false
dotnet-sample,clsValasService.cs,clsValasService.cs,code,csharp,8696,DeleteDataValasResultV2,83bdbe11b7b031499bc61deaaafcdd04ad5d8d4e,dbo.,,dbo,,false,false,target,TRUNCATE,true,false
dotnet-sample,clsValasService.cs,clsValasService.cs,code,csharp,8713,DeleteDataValasResultV2,83bdbe11b7b031499bc61deaaafcdd04ad5d8d4e,dbo.,,dbo,,false,false,target,TRUNCATE,true,false
dotnet-sample,clsValasService.cs,clsValasService.cs,code,csharp,8730,DeleteDataValasResultV2,83bdbe11b7b031499bc61deaaafcdd04ad5d8d4e,dbo.,,dbo,,false,false,target,TRUNCATE,true,false
dotnet-sample,clsValasService.cs,clsValasService.cs,code,csharp,9075,Exception,83bdbe11b7b031499bc61deaaafcdd04ad5d8d4e,dbo.,,dbo,,false,false,target,TRUNCATE,true,false
dotnet-sample,clsValasService.cs,clsValasService.cs,code,csharp,9156,Exception,83bdbe11b7b031499bc61deaaafcdd04ad5d8d4e,dbo.,,dbo,,false,false,target,TRUNCATE,true,false
dotnet-sample,clsValasService.cs,clsValasService.cs,code,csharp,9237,Exception,83bdbe11b7b031499bc61deaaafcdd04ad5d8d4e,dbo.,,dbo,,false,false,target,TRUNCATE,true,false
dotnet-sample,clsValasService.cs,clsValasService.cs,code,csharp,9313,DeleteDataSummaryValas,83bdbe11b7b031499bc61deaaafcdd04ad5d8d4e,dbo.,,dbo,,false,false,target,TRUNCATE,true,false
dotnet-sample,clsValasService.cs,clsValasService.cs,code,csharp,9330,DeleteDataSummaryValas,83bdbe11b7b031499bc61deaaafcdd04ad5d8d4e,dbo.,,dbo,,false,false,target,TRUNCATE,true,false
dotnet-sample,clsValasService.cs,clsValasService.cs,code,csharp,9347,DeleteDataSummaryValas,83bdbe11b7b031499bc61deaaafcdd04ad5d8d4e,dbo.,,dbo,,false,false,target,TRUNCATE,true,false
dotnet-sample,clsValasService.cs,clsValasService.cs,code,csharp,9462,VARCHAR,05c2fb699ce327f8039dd030d95dbe7167382bc1,openxml,,,openxml,false,false,exec,EXEC,true,false
dotnet-sample,clsValasService.cs,clsValasService.cs,code,csharp,9462,VARCHAR,05c2fb699ce327f8039dd030d95dbe7167382bc1,sp_xml_preparedocument,,,sp_xml_preparedocument,false,false,exec,EXEC,true,false
dotnet-sample,clsValasService.cs,clsValasService.cs,code,csharp,9462,VARCHAR,05c2fb699ce327f8039dd030d95dbe7167382bc1,dbo.,,dbo,,false,false,exec,EXEC,true,false
