AppName,RelPath,File,DbName,SchemaName,BaseName,FullObjectName,UsedInFuncs,DmlKinds,Roles,TotalReads,TotalWrites,IsCrossDb,IsDynamicObject,DynamicKind,IsPseudoObject,PseudoKind
dotnet-sample,ANTSNAModel.cs,ANTSNAModel.cs,,dbo,ANTSNAGenerateFile,dbo.ANTSNAGenerateFile,GenerateDataANTSNA,EXEC,exec,0,1,false,false,,false,
dotnet-sample,ANTSNAModel.cs,ANTSNAModel.cs,,dbo,ANTSNAGetColumnParam,dbo.ANTSNAGetColumnParam,PopulateColumnParam,EXEC,exec,0,1,false,false,,false,
dotnet-sample,ANTSNAModel.cs,ANTSNAModel.cs,,dbo,ANTSNAGetGeneralParam,dbo.ANTSNAGetGeneralParam,GetSpecificGeneralParam,EXEC,exec,0,1,false,false,,false,
dotnet-sample,ANTSNAModel.cs,ANTSNAModel.cs,,dbo,ANTSNAGetMasterParam,dbo.ANTSNAGetMasterParam,PopulateComboParam,EXEC,exec,0,1,false,false,,false,
dotnet-sample,ANTSNAModel.cs,ANTSNAModel.cs,,dbo,ANTSNAPopulateData,dbo.ANTSNAPopulateData,PopulateANTSNAData,EXEC,exec,0,1,false,false,,false,
dotnet-sample,ANTSNAModel.cs,ANTSNAModel.cs,,dbo,ANTSNAPopulateParamReference,dbo.ANTSNAPopulateParamReference,PopulateParamReference,EXEC,exec,0,1,false,false,,false,
dotnet-sample,ANTSNAModel.cs,ANTSNAModel.cs,,dbo,ANTSNAPopulateProduct,dbo.ANTSNAPopulateProduct,PopulateListProduct,EXEC,exec,0,1,false,false,,false,
dotnet-sample,ANTSNAModel.cs,ANTSNAModel.cs,,dbo,ANTSNASubmitForm,dbo.ANTSNASubmitForm,SubmitANTSNA,EXEC,exec,0,1,false,false,,false,
dotnet-sample,ANTSNAModel.cs,ANTSNAModel.cs,,dbo,ANTSNAUpdateStatusData,dbo.ANTSNAUpdateStatusData,UpdateStatusDataANTSNA,EXEC,exec,0,1,false,false,,false,
dotnet-sample,ANTSNAModel.cs,ANTSNAModel.cs,,dbo,ANTSNAValidateField,dbo.ANTSNAValidateField,ValidateANTSNA,EXEC,exec,0,1,false,false,,false,
dotnet-sample,ANTSNAModel.cs,ANTSNAModel.cs,,dbo,AntasenaUpdateDataLCS,dbo.AntasenaUpdateDataLCS,UpdateLCS,EXEC,exec,0,1,false,false,,false,
dotnet-sample,ApprovalParamGLModel.cs,ApprovalParamGLModel.cs,,,TRSApprovalParamGL,TRSApprovalParamGL,SaveApprovalParamGL,EXEC,exec,0,1,false,false,,false,
dotnet-sample,ApprovalParamGLModel.cs,ApprovalParamGLModel.cs,,,TRSPopulateApprovalParameterGL,TRSPopulateApprovalParameterGL,PopulateApprovalParamGL,EXEC,exec,0,1,false,false,,false,
dotnet-sample,ApprovalSIDModel.cs,ApprovalSIDModel.cs,,,TRSApproveSID,TRSApproveSID,ApproveSID,EXEC,exec,0,1,false,false,,false,
dotnet-sample,ApprovalSIDModel.cs,ApprovalSIDModel.cs,,,TRSInsertLogOneNotifNTI,TRSInsertLogOneNotifNTI,InsertLogOneNotif,EXEC,exec,0,1,false,false,,false,
dotnet-sample,ApprovalSIDModel.cs,ApprovalSIDModel.cs,,,TRSNTIUpdateStatusNotif,TRSNTIUpdateStatusNotif,UpdateStatusNotifNTI,EXEC,exec,0,1,false,false,,false,
dotnet-sample,ApprovalSIDModel.cs,ApprovalSIDModel.cs,,,TRSPopulateApprovalSID,TRSPopulateApprovalSID,PopulateApprovalSID,EXEC,exec,0,1,false,false,,false,
dotnet-sample,clsAPIServiceInvestmentObligasi.cs,clsAPIServiceInvestmentObligasi.cs,,,<dynamic-sql>,<dynamic-sql>,CONVERT,UNKNOWN,source,3,0,false,true,dynamic-sql,true,dynamic-sql
dotnet-sample,clsAPIServiceNTI.cs,clsAPIServiceNTI.cs,,,<dynamic-sql>,<dynamic-sql>,OPENXML,UNKNOWN,source,16,0,false,true,dynamic-sql,true,dynamic-sql
dotnet-sample,clsAntasenaService.cs,clsAntasenaService.cs,,,<dynamic-sql>,<dynamic-sql>,ISNULL;VARCHAR,EXEC;SELECT,exec;source,1,2,false,true,dynamic-sql,true,dynamic-sql
dotnet-sample,clsAntasenaService.cs,clsAntasenaService.cs,,dbo,,dbo,ISNULL;VARCHAR,EXEC;SELECT,exec;source,1,2,false,false,,false,
dotnet-sample,clsAntasenaService.cs,clsAntasenaService.cs,,dbo,VLSResultFinalToday_TT,dbo.VLSResultFinalToday_TT,ISNULL,SELECT,source,1,0,false,false,,false,
dotnet-sample,clsAntasenaService.cs,clsAntasenaService.cs,,dbo,VLSSummaryToday_TM,dbo.VLSSummaryToday_TM,ISNULL,SELECT,source,1,0,false,false,,false,
dotnet-sample,clsAntasenaService.cs,clsAntasenaService.cs,,dbo,VLSTransactionsToday_TR,dbo.VLSTransactionsToday_TR,ISNULL,SELECT,source,1,0,false,false,,false,
dotnet-sample,clsAntasenaService.cs,clsAntasenaService.cs,,dbo,eq,dbo.eq,ISNULL,DELETE;EXEC,exec;target,0,2,false,false,,false,
dotnet-sample,clsAntasenaService.cs,clsAntasenaService.cs,,dbo,openxml,dbo.openxml,ISNULL;VARCHAR,EXEC,exec,0,2,false,false,,false,
dotnet-sample,clsAntasenaService.cs,clsAntasenaService.cs,,dbo,sp_xml_preparedocument,dbo.sp_xml_preparedocument,ISNULL;VARCHAR,EXEC,exec,0,2,false,false,,false,
dotnet-sample,clsAntasenaService.cs,clsAntasenaService.cs,,dbo,tr,dbo.tr,VARCHAR,EXEC,exec,0,1,false,false,,false,
dotnet-sample,clsDataAccess1.cs,clsDataAccess1.cs,,dbo,SBNSchedCreateLiveLog,dbo.SBNSchedCreateLiveLog,InsertLiveLog,EXEC,exec,0,1,false,false,,false,
dotnet-sample,clsDataAccess1.cs,clsDataAccess1.cs,,dbo,SBNSchedGetDataStatusPemesanan,dbo.SBNSchedGetDataStatusPemesanan,StatusORIOrderPopulate,EXEC,exec,0,1,false,false,,false,
dotnet-sample,clsDataAccess1.cs,clsDataAccess1.cs,,dbo,SBNSchedGetGeneralParam,dbo.SBNSchedGetGeneralParam,GetGeneralParam,EXEC,exec,0,1,false,false,,false,
dotnet-sample,clsDataAccess1.cs,clsDataAccess1.cs,,dbo,SBNSchedLogORIPaymentDirect,dbo.SBNSchedLogORIPaymentDirect,LogPaymentDirect,EXEC,exec,0,1,false,false,,false,
dotnet-sample,clsDataAccess1.cs,clsDataAccess1.cs,,dbo,SBNSchedPopulateNotif,dbo.SBNSchedPopulateNotif,NotifPopulateData,EXEC,exec,0,1,false,false,,false,
dotnet-sample,clsDataAccess1.cs,clsDataAccess1.cs,,dbo,SBNSchedPopulateORIOrder,dbo.SBNSchedPopulateORIOrder,ORIOrderPopulateMainSched,EXEC,exec,0,1,false,false,,false,
dotnet-sample,clsDataAccess1.cs,clsDataAccess1.cs,,dbo,SBNSchedPopulateRegInvestor,dbo.SBNSchedPopulateRegInvestor,InvestorPopulateRegData,EXEC,exec,0,1,false,false,,false,
dotnet-sample,clsDataAccess1.cs,clsDataAccess1.cs,,dbo,SBNSchedPopulateRegInvestorForOrder,dbo.SBNSchedPopulateRegInvestorForOrder,InvestorPopulateRegData,EXEC,exec,0,1,false,false,,false,
dotnet-sample,clsDataAccess1.cs,clsDataAccess1.cs,,dbo,SBNSchedUpdateNotifStatus,dbo.SBNSchedUpdateNotifStatus,NotifUpdateStatus,EXEC,exec,0,1,false,false,,false,
dotnet-sample,clsDataAccess1.cs,clsDataAccess1.cs,,dbo,SBNSchedUpdateResponseInvestor,dbo.SBNSchedUpdateResponseInvestor,InvestorUpdateResponse,EXEC,exec,0,1,false,false,,false,
dotnet-sample,clsDataAccess1.cs,clsDataAccess1.cs,,dbo,SBNSchedUpdateResponseOrderORI,dbo.SBNSchedUpdateResponseOrderORI,ORIOrderUpdateResponse,EXEC,exec,0,1,false,false,,false,
dotnet-sample,clsDataAccess1.cs,clsDataAccess1.cs,,dbo,SBNSchedUpdateStatusPemesananORI,dbo.SBNSchedUpdateStatusPemesananORI,StatusORIOrderProcess,EXEC,exec,0,1,false,false,,false,
dotnet-sample,clsDataAccess1.cs,clsDataAccess1.cs,,dbo,TRSExecQuery,dbo.TRSExecQuery,ExecQuery,EXEC,exec,0,1,false,false,,false,
dotnet-sample,clsDataAccess1.cs,clsDataAccess1.cs,,dbo,sp_sbn_log_unblokir_api,dbo.sp_sbn_log_unblokir_api,LogUnblokirAPI,EXEC,exec,0,1,false,false,,false,
dotnet-sample,clsDataAccess2.cs,clsDataAccess2.cs,,,<dynamic-sql>,<dynamic-sql>,ExecStoredProcedureODBC,UNKNOWN,source,2,0,false,true,dynamic-sql,true,dynamic-sql
dotnet-sample,clsDataAccess2.cs,clsDataAccess2.cs,,,TRSProcessInsertSecurityTransactionCommit,TRSProcessInsertSecurityTransactionCommit,ProcessInsertSecurityTransactionCommit,EXEC,exec,0,1,false,false,,false,
dotnet-sample,clsDataAccess2.cs,clsDataAccess2.cs,,,TRSUpdateBlokirSwitchingTransaction,TRSUpdateBlokirSwitchingTransaction,subUpdateSequenceBlock,EXEC,exec,0,1,false,false,,false,
dotnet-sample,clsDataAccess2.cs,clsDataAccess2.cs,,,trs_UpdateStatusSecurityTransactionAfterMurex,trs_UpdateStatusSecurityTransactionAfterMurex,UpdateStatusSecurityTransactionMurex,EXEC,exec,0,1,false,false,,false,
dotnet-sample,clsDataAccess2.cs,clsDataAccess2.cs,,dbo,MXINTFCPYInLog,dbo.MXINTFCPYInLog,LogFLDCPY,EXEC,exec,0,1,false,false,,false,
dotnet-sample,clsDataAccess2.cs,clsDataAccess2.cs,,dbo,MXINTFDEALInLog,dbo.MXINTFDEALInLog,LogFLDDEAL,EXEC,exec,0,1,false,false,,false,
dotnet-sample,clsDataAccess2.cs,clsDataAccess2.cs,,dbo,OMBranchingNTI,dbo.OMBranchingNTI,NTIInsertNew,EXEC,exec,0,1,false,false,,false,
dotnet-sample,clsDataAccess2.cs,clsDataAccess2.cs,,dbo,OMDeleteProcessInputSecurityMaster,dbo.OMDeleteProcessInputSecurityMaster,DeleteTransactionSekunder,EXEC,exec,0,1,false,false,,false,
dotnet-sample,clsDataAccess2.cs,clsDataAccess2.cs,,dbo,OMGetListProductSekunder,dbo.OMGetListProductSekunder,TrxSecGetListProduct,EXEC,exec,0,1,false,false,,false,
dotnet-sample,clsDataAccess2.cs,clsDataAccess2.cs,,dbo,OMGetSystemNIK,dbo.OMGetSystemNIK,GetSystemNIK,EXEC,exec,0,1,false,false,,false,
dotnet-sample,clsDataAccess2.cs,clsDataAccess2.cs,,dbo,OMInputLogProcess,dbo.OMInputLogProcess,InputTransactionSekunderLog,EXEC,exec,0,1,false,false,,false,
dotnet-sample,clsDataAccess2.cs,clsDataAccess2.cs,,dbo,OMSubmitTransactionSekunder,dbo.OMSubmitTransactionSekunder,SecurityTranasctionSubmit,EXEC,exec,0,1,false,false,,false,
dotnet-sample,clsDataAccess2.cs,clsDataAccess2.cs,,dbo,OMTrxSecCalculate,dbo.OMTrxSecCalculate,TrxSecCalculateTransaction,EXEC,exec,0,1,false,false,,false,
dotnet-sample,clsDataAccess2.cs,clsDataAccess2.cs,,dbo,OMTrxSecPreBook,dbo.OMTrxSecPreBook,PreBookSubmit,EXEC,exec,0,1,false,false,,false,
dotnet-sample,clsDataAccess2.cs,clsDataAccess2.cs,,dbo,OMUpdateReviewedCustomerID,dbo.OMUpdateReviewedCustomerID,NTIUpdateReviewedCustomerID,EXEC,exec,0,1,false,false,,false,
dotnet-sample,clsDataAccess2.cs,clsDataAccess2.cs,,dbo,OMUpdateStatusTreasuryCust,dbo.OMUpdateStatusTreasuryCust,UpdateStatusTreasuryCust,EXEC,exec,0,1,false,false,,false,
dotnet-sample,clsDataAccess2.cs,clsDataAccess2.cs,,dbo,OMValidateCustomer,dbo.OMValidateCustomer,ValidateCustomer,EXEC,exec,0,1,false,false,,false,
dotnet-sample,clsDataAccess2.cs,clsDataAccess2.cs,,dbo,ORISBNIDeleteTransactionData,dbo.ORISBNIDeleteTransactionData,ORI_Online_DeleteTransaction,EXEC,exec,0,1,false,false,,false,
dotnet-sample,clsDataAccess2.cs,clsDataAccess2.cs,,dbo,ORISBNIPopulateEarlyRedemption,dbo.ORISBNIPopulateEarlyRedemption,ORI_Online_GetEarlyRedemptionData,EXEC,exec,0,1,false,false,,false,
dotnet-sample,clsDataAccess2.cs,clsDataAccess2.cs,,dbo,ORISBNIPopulateRegisterInvestor,dbo.ORISBNIPopulateRegisterInvestor,ORI_Online_GetRegisterInvestor,EXEC,exec,0,1,false,false,,false,
dotnet-sample,clsDataAccess2.cs,clsDataAccess2.cs,,dbo,ORISBNISubmitEarlyRedemption,dbo.ORISBNISubmitEarlyRedemption,ORISBNISubmitEarlyRedemption,EXEC,exec,0,1,false,false,,false,
dotnet-sample,clsDataAccess2.cs,clsDataAccess2.cs,,dbo,ORISBNISubmitInvestorPending,dbo.ORISBNISubmitInvestorPending,ORI_Online_SubmitRegisterInvestorPending,EXEC,exec,0,1,false,false,,false,
dotnet-sample,clsDataAccess2.cs,clsDataAccess2.cs,,dbo,ProCIFP2Parse,dbo.ProCIFP2Parse,ConvertTIBCOResponse,EXEC,exec,0,1,false,false,,false,
dotnet-sample,clsDataAccess2.cs,clsDataAccess2.cs,,dbo,SecurityCheckAccount,dbo.SecurityCheckAccount,SecurityCheckAccount,EXEC,exec,0,1,false,false,,false,
dotnet-sample,clsDataAccess2.cs,clsDataAccess2.cs,,dbo,TRSAddInfoXMLInterfaceToMX,dbo.TRSAddInfoXMLInterfaceToMX,AddInfoInterface,EXEC,exec,0,1,false,false,,false,
dotnet-sample,clsDataAccess2.cs,clsDataAccess2.cs,,dbo,TRSCallNotifAPILog,dbo.TRSCallNotifAPILog,InsertObliNotifLog,EXEC,exec,0,1,false,false,,false,
dotnet-sample,clsDataAccess2.cs,clsDataAccess2.cs,,dbo,TRSLelangGetParam,dbo.TRSLelangGetParam,isUsingMQ,EXEC,exec,0,1,false,false,,false,
dotnet-sample,clsDataAccess2.cs,clsDataAccess2.cs,,dbo,TRSORICheckProductEligibility,dbo.TRSORICheckProductEligibility,ORI_Online_CheckProductEligibility,EXEC,exec,0,1,false,false,,false,
dotnet-sample,clsDataAccess2.cs,clsDataAccess2.cs,,dbo,TRSORIGetAPIErrorMapping,dbo.TRSORIGetAPIErrorMapping,APIGetErrorMapping,EXEC,exec,0,1,false,false,,false,
dotnet-sample,clsDataAccess2.cs,clsDataAccess2.cs,,dbo,TRSORIGetProductDetail,dbo.TRSORIGetProductDetail,ORI_Online_GetProductDetail,EXEC,exec,0,1,false,false,,false,
dotnet-sample,clsDataAccess2.cs,clsDataAccess2.cs,,dbo,TRSORIOnlineGetBlockAccountData,dbo.TRSORIOnlineGetBlockAccountData,ORI_Online_GetBlockAccountData,EXEC,exec,0,1,false,false,,false,
dotnet-sample,clsDataAccess2.cs,clsDataAccess2.cs,,dbo,TRSORIOnlineNewTransaction,dbo.TRSORIOnlineNewTransaction,ORI_Online_NewTransaction,EXEC,exec,0,1,false,false,,false,
dotnet-sample,clsDataAccess2.cs,clsDataAccess2.cs,,dbo,TRSORIOnlinePopulateHist,dbo.TRSORIOnlinePopulateHist,ORI_Online_PopulateHistory,EXEC,exec,0,1,false,false,,false,
dotnet-sample,clsDataAccess2.cs,clsDataAccess2.cs,,dbo,TRSORIUpdateStatusPembayaranOnline,dbo.TRSORIUpdateStatusPembayaranOnline,ORI_Online_UpdatePaymentStatus,EXEC,exec,0,1,false,false,,false,
dotnet-sample,clsDataAccess2.cs,clsDataAccess2.cs,,dbo,TRSObliAPICreateLog,dbo.TRSObliAPICreateLog,APICreateLog,EXEC,exec,0,1,false,false,,false,
dotnet-sample,clsDataAccess2.cs,clsDataAccess2.cs,,dbo,TRSObliGetAPI,dbo.TRSObliGetAPI,GetAPIUrl,EXEC,exec,0,1,false,false,,false,
dotnet-sample,clsDataAccess2.cs,clsDataAccess2.cs,,dbo,TRSObliGetNotifAPIParam,dbo.TRSObliGetNotifAPIParam,GetAPIUrlParam,EXEC,exec,0,3,false,false,,false,
dotnet-sample,clsDataAccess2.cs,clsDataAccess2.cs,,dbo,TRSPopulateMasterNasabahForMurex,dbo.TRSPopulateMasterNasabahForMurex,Exception,EXEC,exec,0,1,false,false,,false,
dotnet-sample,clsDataAccess2.cs,clsDataAccess2.cs,,dbo,TRSPopulateTransactionBalance,dbo.TRSPopulateTransactionBalance,TrxSecGetListTransaction,EXEC,exec,0,1,false,false,,false,
dotnet-sample,clsDataAccess2.cs,clsDataAccess2.cs,,dbo,TRSRetailCalculateFee,dbo.TRSRetailCalculateFee,calculateORI2,EXEC,exec,0,2,false,false,,false,
dotnet-sample,clsDataAccess2.cs,clsDataAccess2.cs,,dbo,TRSRetailUpdateAccruedInterest,dbo.TRSRetailUpdateAccruedInterest,UpdateAccruedInterest,EXEC,exec,0,1,false,false,,false,
dotnet-sample,clsDataAccess2.cs,clsDataAccess2.cs,,dbo,VELPopulateONFXTrxByDeal,dbo.VELPopulateONFXTrxByDeal,ONFXDataTrxInquiry,EXEC,exec,0,1,false,false,,false,
dotnet-sample,clsDatabase.cs,clsDatabase.cs,,,TRSAmendSecurityTransaction_TT_Commit,TRSAmendSecurityTransaction_TT_Commit,subTRSAmendSecurityTransaction_TT_Commit,EXEC,exec,0,1,false,false,,false,
dotnet-sample,clsDatabase.cs,clsDatabase.cs,,,TRSApproveBookbld,TRSApproveBookbld,subTRSApproveReleaseBookbld,EXEC,exec,0,1,false,false,,false,
dotnet-sample,clsDatabase.cs,clsDatabase.cs,,,TRSApproveHapusTransaksiSuratBerharga,TRSApproveHapusTransaksiSuratBerharga,subTRSApproveHapusTransaksiSuratBerharga,EXEC,exec,0,1,false,false,,false,
dotnet-sample,clsDatabase.cs,clsDatabase.cs,,,TRSApproveMappingMurexBIS4,TRSApproveMappingMurexBIS4,subTRSApproveParameterMurexBIS4,EXEC,exec,0,1,false,false,,false,
dotnet-sample,clsDatabase.cs,clsDatabase.cs,,,TRSBranchingSaveParamFLD,TRSBranchingSaveParamFLD,SaveParameterFLD,EXEC,exec,0,1,false,false,,false,
dotnet-sample,clsDatabase.cs,clsDatabase.cs,,,TRSCreateMTContentForBIS4,TRSCreateMTContentForBIS4,subTRSCreateMTContentForBIS4,EXEC,exec,0,1,false,false,,false,
dotnet-sample,clsDatabase.cs,clsDatabase.cs,,,TRSCurrentWorkingDate,TRSCurrentWorkingDate,subTRSCurrentWorkingDate,EXEC,exec,0,1,false,false,,false,
dotnet-sample,clsDatabase.cs,clsDatabase.cs,,,TRSGeneralGetComboItem,TRSGeneralGetComboItem,GetComboItem,EXEC,exec,0,1,false,false,,false,
dotnet-sample,clsDatabase.cs,clsDatabase.cs,,,TRSGenerateDataMatchingKuponForFileExcel,TRSGenerateDataMatchingKuponForFileExcel,subTRSGenerateDataMatchingKuponForFileExcel,EXEC,exec,0,1,false,false,,false,
dotnet-sample,clsDatabase.cs,clsDatabase.cs,,,TRSGetBankCustody,TRSGetBankCustody,subTRSGetBankCustody,EXEC,exec,0,1,false,false,,false,
dotnet-sample,clsDatabase.cs,clsDatabase.cs,,,TRSGetMenuSettings,TRSGetMenuSettings,subTRSGetMenuSettings,EXEC,exec,0,1,false,false,,false,
dotnet-sample,clsDatabase.cs,clsDatabase.cs,,,TRSGetSecurityCurrency,TRSGetSecurityCurrency,subTRSGetSecurityCurrency,EXEC,exec,0,1,false,false,,false,
dotnet-sample,clsDatabase.cs,clsDatabase.cs,,,TRSGetSecurityTypeParam,TRSGetSecurityTypeParam,GetSecurityTypeParam,EXEC,exec,0,1,false,false,,false,
dotnet-sample,clsDatabase.cs,clsDatabase.cs,,,TRSPTOSlistProduk,TRSPTOSlistProduk,subTRSPTOSListProduk,EXEC,exec,0,1,false,false,,false,
dotnet-sample,clsDatabase.cs,clsDatabase.cs,,,TRSPopulateAccSubAccBIS4,TRSPopulateAccSubAccBIS4,subTRSPopulateAccSubAccBIS4,EXEC,exec,0,1,false,false,,false,
dotnet-sample,clsDatabase.cs,clsDatabase.cs,,,TRSPopulateAllotment,TRSPopulateAllotment,subTRSPopulateAllotment,EXEC,exec,0,1,false,false,,false,
dotnet-sample,clsDatabase.cs,clsDatabase.cs,,,TRSPopulateAmendAccrued,TRSPopulateAmendAccrued,subTRSPopulateAmendAccrued,EXEC,exec,0,1,false,false,,false,
dotnet-sample,clsDatabase.cs,clsDatabase.cs,,,TRSPopulateAmendAccruedAuthorization,TRSPopulateAmendAccruedAuthorization,subTRSPopulateAmendAccruedAuthorization,EXEC,exec,0,1,false,false,,false,
dotnet-sample,clsDatabase.cs,clsDatabase.cs,,,TRSPopulateApprovalMappingMurexBIS4,TRSPopulateApprovalMappingMurexBIS4,subTRSPopulateApprovalParameterMurexBIS4,EXEC,exec,0,1,false,false,,false,
dotnet-sample,clsDatabase.cs,clsDatabase.cs,,,TRSPopulateApprovalSettlementBIS4,TRSPopulateApprovalSettlementBIS4,subTRSPopulateApprovalSettlementBIS4,EXEC,exec,0,1,false,false,,false,
dotnet-sample,clsDatabase.cs,clsDatabase.cs,,,TRSPopulateApproveReleaseBookbld,TRSPopulateApproveReleaseBookbld,subTRSPopulateApprovalReleaseBookbld,EXEC,exec,0,1,false,false,,false,
dotnet-sample,clsDatabase.cs,clsDatabase.cs,,,TRSPopulateBankCustody,TRSPopulateBankCustody,subTRSPopulateBankCustody,EXEC,exec,0,1,false,false,,false,
dotnet-sample,clsDatabase.cs,clsDatabase.cs,,,TRSPopulateBlokirSwitchingTransaction,TRSPopulateBlokirSwitchingTransaction,subTRSPopulateBlokirSwitchingTransaction,EXEC,exec,0,2,false,false,,false,
dotnet-sample,clsDatabase.cs,clsDatabase.cs,,,TRSPopulateBuyBack,TRSPopulateBuyBack,subTRSPopulateBuyBack,EXEC,exec,0,1,false,false,,false,
dotnet-sample,clsDatabase.cs,clsDatabase.cs,,,TRSPopulateCashAccountsParam,TRSPopulateCashAccountsParam,subTRSPopulateCashAccountsParam,EXEC,exec,0,1,false,false,,false,
dotnet-sample,clsDatabase.cs,clsDatabase.cs,,,TRSPopulateDataParameterFLD,TRSPopulateDataParameterFLD,PopulateDataParameterUploadFLD,EXEC,exec,0,1,false,false,,false,
dotnet-sample,clsDatabase.cs,clsDatabase.cs,,,TRSPopulateDeleteORIOrder,TRSPopulateDeleteORIOrder,subTRSPopulateDeleteORIOrder,EXEC,exec,0,1,false,false,,false,
dotnet-sample,clsDatabase.cs,clsDatabase.cs,,,TRSPopulateEarlyRedemAuthorization,TRSPopulateEarlyRedemAuthorization,subTRSPopulateEarlyRedemAuthorization,EXEC,exec,0,1,false,false,,false,
dotnet-sample,clsDatabase.cs,clsDatabase.cs,,,TRSPopulateEditCustomerAuthorization,TRSPopulateEditCustomerAuthorization,subTRSPopulateEditCustomerAuthorization,EXEC,exec,0,1,false,false,,false,
dotnet-sample,clsDatabase.cs,clsDatabase.cs,,,TRSPopulateEditHargaModalAuthorization,TRSPopulateEditHargaModalAuthorization,subTRSPopulateEditHargaModalAuthorization,EXEC,exec,0,1,false,false,,false,
dotnet-sample,clsDatabase.cs,clsDatabase.cs,,,TRSPopulateGagalBayarOri,TRSPopulateGagalBayarOri,PopulateGagalProsesPerdana,EXEC,exec,0,1,false,false,,false,
dotnet-sample,clsDatabase.cs,clsDatabase.cs,,,TRSPopulateHapusTransaksiSuratBerharga,TRSPopulateHapusTransaksiSuratBerharga,subTRSPopulateHapusTransaksiSuratBerharga,EXEC,exec,0,1,false,false,,false,
dotnet-sample,clsDatabase.cs,clsDatabase.cs,,,TRSPopulateHapusTransaksiSuratBerhargaAuthorizatio,TRSPopulateHapusTransaksiSuratBerhargaAuthorizatio,subTRSPopulateHapusTransaksiSuratBerhargaAuthorization,EXEC,exec,0,1,false,false,,false,
dotnet-sample,clsDatabase.cs,clsDatabase.cs,,,TRSPopulateKuponUpload,TRSPopulateKuponUpload,subTRSPopulateKuponUpload,EXEC,exec,0,1,false,false,,false,
dotnet-sample,clsDatabase.cs,clsDatabase.cs,,,TRSPopulateKuponUploadAuthorization,TRSPopulateKuponUploadAuthorization,subTRSPopulateKuponUploadAuthorization,EXEC,exec,0,1,false,false,,false,
dotnet-sample,clsDatabase.cs,clsDatabase.cs,,,TRSPopulateMappingMurexBIS4,TRSPopulateMappingMurexBIS4,subTRSPopulateParameterMurexBIS4,EXEC,exec,0,1,false,false,,false,
dotnet-sample,clsDatabase.cs,clsDatabase.cs,,,TRSPopulateMaturityUpload,TRSPopulateMaturityUpload,subTRSPopulateMaturityUpload,EXEC,exec,0,1,false,false,,false,
dotnet-sample,clsDatabase.cs,clsDatabase.cs,,,TRSPopulateMaturityUploadAuthorization,TRSPopulateMaturityUploadAuthorization,subTRSPopulateMaturityUploadAuthorization,EXEC,exec,0,1,false,false,,false,
dotnet-sample,clsDatabase.cs,clsDatabase.cs,,,TRSPopulateMinimumRiskProfile,TRSPopulateMinimumRiskProfile,subTRSPopulateMinimumRiskProfile,EXEC,exec,0,1,false,false,,false,
dotnet-sample,clsDatabase.cs,clsDatabase.cs,,,TRSPopulatePTOSCustomerAuthen,TRSPopulatePTOSCustomerAuthen,subTRSPopulatePTOSCustomerAuthen,EXEC,exec,0,1,false,false,,false,
dotnet-sample,clsDatabase.cs,clsDatabase.cs,,,TRSPopulatePTOSCustomer_TM,TRSPopulatePTOSCustomer_TM,subTRSPopulatePTOSUCustomer,EXEC,exec,0,1,false,false,,false,
dotnet-sample,clsDatabase.cs,clsDatabase.cs,,,TRSPopulatePTOSOuts,TRSPopulatePTOSOuts,subTRSPopulatePTOSOuts,EXEC,exec,0,1,false,false,,false,
dotnet-sample,clsDatabase.cs,clsDatabase.cs,,,TRSPopulatePTOSOutsAuthen,TRSPopulatePTOSOutsAuthen,subTRSPopulatePTOSOutAuthen,EXEC,exec,0,1,false,false,,false,
dotnet-sample,clsDatabase.cs,clsDatabase.cs,,,TRSPopulatePTOSSecurityMasterAuthen,TRSPopulatePTOSSecurityMasterAuthen,subTRSPopulatePTOSSecurityMasterAuthen,EXEC,exec,0,1,false,false,,false,
dotnet-sample,clsDatabase.cs,clsDatabase.cs,,,TRSPopulatePTOSTrxAuthen,TRSPopulatePTOSTrxAuthen,subTRSPopulatePTOSTtrxAuthen,EXEC,exec,0,1,false,false,,false,
dotnet-sample,clsDatabase.cs,clsDatabase.cs,,,TRSPopulatePTOSUTrx,TRSPopulatePTOSUTrx,subTRSPopulatePTOSUTrx,EXEC,exec,0,1,false,false,,false,
dotnet-sample,clsDatabase.cs,clsDatabase.cs,,,TRSPopulatePTOSUpload,TRSPopulatePTOSUpload,subTRSPopulatePTOSUpload,EXEC,exec,0,1,false,false,,false,
dotnet-sample,clsDatabase.cs,clsDatabase.cs,,,TRSPopulatePTOSUploadAuthen,TRSPopulatePTOSUploadAuthen,subTRSPopulatePTOSUploadAuthen,EXEC,exec,0,1,false,false,,false,
dotnet-sample,clsDatabase.cs,clsDatabase.cs,,,TRSPopulateParameter,TRSPopulateParameter,subTRSPopulateParameter,EXEC,exec,0,1,false,false,,false,
dotnet-sample,clsDatabase.cs,clsDatabase.cs,,,TRSPopulateParameterSettlementTrxBankBeli,TRSPopulateParameterSettlementTrxBankBeli,subTRSPopulateParameterTrxBankBeli,EXEC,exec,0,1,false,false,,false,
dotnet-sample,clsDatabase.cs,clsDatabase.cs,,,TRSPopulateParameterUploadFLD,TRSPopulateParameterUploadFLD,PopulateParameterUploadFLD,EXEC,exec,0,1,false,false,,false,
dotnet-sample,clsDatabase.cs,clsDatabase.cs,,,TRSPopulateParticipantParamBIS4,TRSPopulateParticipantParamBIS4,subTRSPopulateParticipantParamBIS4,EXEC,exec,0,1,false,false,,false,
dotnet-sample,clsDatabase.cs,clsDatabase.cs,,,TRSPopulatePaymentAgentBIS4,TRSPopulatePaymentAgentBIS4,subTRSPopulatePaymentAgentBIS4,EXEC,exec,0,1,false,false,,false,
dotnet-sample,clsDatabase.cs,clsDatabase.cs,,,TRSPopulateSecurityFee,TRSPopulateSecurityFee,subTRSPopulateSecurityFee,EXEC,exec,0,1,false,false,,false,
dotnet-sample,clsDatabase.cs,clsDatabase.cs,,,TRSPopulateSecurityFeeAuthorization,TRSPopulateSecurityFeeAuthorization,subTRSPopulateSecurityFeeAuthorization,EXEC,exec,0,1,false,false,,false,
dotnet-sample,clsDatabase.cs,clsDatabase.cs,,,TRSPopulateSecurityMasterAuthorization,TRSPopulateSecurityMasterAuthorization,subTRSPopulateSecurityMasterAuthorization,EXEC,exec,0,1,false,false,,false,
dotnet-sample,clsDatabase.cs,clsDatabase.cs,,,TRSPopulateSeller,TRSPopulateSeller,subTRSPopulateSeller,EXEC,exec,0,1,false,false,,false,
dotnet-sample,clsDatabase.cs,clsDatabase.cs,,,TRSPopulateSellerTemplate,TRSPopulateSellerTemplate,subTRSPopulateSellerTemplate,EXEC,exec,0,1,false,false,,false,
dotnet-sample,clsDatabase.cs,clsDatabase.cs,,,TRSPopulateSettlementBIS4,TRSPopulateSettlementBIS4,subTRSPopulateSettlementBIS4,EXEC,exec,0,1,false,false,,false,
dotnet-sample,clsDatabase.cs,clsDatabase.cs,,,TRSPopulateSettlementBIS4Detail,TRSPopulateSettlementBIS4Detail,subTRSPopulateSettlementBIS4Detail,EXEC,exec,0,1,false,false,,false,
dotnet-sample,clsDatabase.cs,clsDatabase.cs,,,TRSPopulateSettlementBuyBack,TRSPopulateSettlementBuyBack,subTRSPopulateSettlementBuyBack,EXEC,exec,0,1,false,false,,false,
dotnet-sample,clsDatabase.cs,clsDatabase.cs,,,TRSPopulateSettlementCashBack,TRSPopulateSettlementCashBack,subTRSPopulateSettlementCashBack,EXEC,exec,0,1,false,false,,false,
dotnet-sample,clsDatabase.cs,clsDatabase.cs,,,TRSPopulateSettlementEarlyRedem,TRSPopulateSettlementEarlyRedem,subTRSPopulateSettlementEarlyRedem,EXEC,exec,0,1,false,false,,false,
dotnet-sample,clsDatabase.cs,clsDatabase.cs,,,TRSPopulateSettlementEarlyRedemByStatus,TRSPopulateSettlementEarlyRedemByStatus,subTRSPopulateSettlementEarlyRedemByStatus,EXEC,exec,0,1,false,false,,false,
dotnet-sample,clsDatabase.cs,clsDatabase.cs,,,TRSPopulateSettlementKupon,TRSPopulateSettlementKupon,subTRSPopulateSettlementKupon,EXEC,exec,0,1,false,false,,false,
dotnet-sample,clsDatabase.cs,clsDatabase.cs,,,TRSPopulateSettlementMaturity,TRSPopulateSettlementMaturity,subTRSPopulateSettlementMaturity,EXEC,exec,0,1,false,false,,false,
dotnet-sample,clsDatabase.cs,clsDatabase.cs,,,TRSPopulateSettlementOrder,TRSPopulateSettlementOrder,subTRSPopulateSettlementOrder,EXEC,exec,0,1,false,false,,false,
dotnet-sample,clsDatabase.cs,clsDatabase.cs,,,TRSPopulateSettlementOrderByStatus,TRSPopulateSettlementOrderByStatus,subTRSPopulateSettlementOrderByStatus,EXEC,exec,0,1,false,false,,false,
dotnet-sample,clsDatabase.cs,clsDatabase.cs,,,TRSPopulateSettlementTransaksiBankBeli,TRSPopulateSettlementTransaksiBankBeli,subTRSPopulateSettlementTransaksiBankBeli,EXEC,exec,0,1,false,false,,false,
dotnet-sample,clsDatabase.cs,clsDatabase.cs,,,TRSPopulateSettlementTransaksiBankJual,TRSPopulateSettlementTransaksiBankJual,subTRSPopulateSettlementTransaksiBankJual,EXEC,exec,0,1,false,false,,false,
dotnet-sample,clsDatabase.cs,clsDatabase.cs,,,TRSPopulateSubInstrumentParam,TRSPopulateSubInstrumentParam,subTRSPopulateSubInstrumentParam,EXEC,exec,0,1,false,false,,false,
dotnet-sample,clsDatabase.cs,clsDatabase.cs,,,TRSPopulateTemplateUploadCTPMurex,TRSPopulateTemplateUploadCTPMurex,subTRSPopulateTemplateUploadCTPMurex,EXEC,exec,0,1,false,false,,false,
dotnet-sample,clsDatabase.cs,clsDatabase.cs,,,TRSPopulateTransactionBalance,TRSPopulateTransactionBalance,subTRSPopulateTransactionBalance,EXEC,exec,0,1,false,false,,false,
dotnet-sample,clsDatabase.cs,clsDatabase.cs,,,TRSPopulateTransactionBalanceForUpdate,TRSPopulateTransactionBalanceForUpdate,subTRSPopulateTransactionBalanceForUpdate,EXEC,exec,0,1,false,false,,false,
dotnet-sample,clsDatabase.cs,clsDatabase.cs,,,TRSPopulateTransactionLink,TRSPopulateTransactionLink,subTRSPopulateTransactionLink,EXEC,exec,0,1,false,false,,false,
dotnet-sample,clsDatabase.cs,clsDatabase.cs,,,TRSPopulateTransaksiSuratBerhargaTemplate,TRSPopulateTransaksiSuratBerhargaTemplate,subTRSPopulateTransaksiSuratBerhargaTemplate,EXEC,exec,0,1,false,false,,false,
dotnet-sample,clsDatabase.cs,clsDatabase.cs,,,TRSPopulateUploadCTPMurex,TRSPopulateUploadCTPMurex,subTRSPopulateUploadCTPMutex,EXEC,exec,0,1,false,false,,false,
dotnet-sample,clsDatabase.cs,clsDatabase.cs,,,TRSPopulateUploadRefund,TRSPopulateUploadRefund,subTRSPopulateUploadRefund,EXEC,exec,0,1,false,false,,false,
dotnet-sample,clsDatabase.cs,clsDatabase.cs,,,TRSProcessAllotment,TRSProcessAllotment,subTRSProcessAllotment,EXEC,exec,0,1,false,false,,false,
dotnet-sample,clsDatabase.cs,clsDatabase.cs,,,TRSProcessAmendAccrued,TRSProcessAmendAccrued,subTRSProcessAmmendAccrued,EXEC,exec,0,1,false,false,,false,
dotnet-sample,clsDatabase.cs,clsDatabase.cs,,,TRSProcessApprovalEditHargaModal,TRSProcessApprovalEditHargaModal,subTRSProcessApprovalEditHargaModal,EXEC,exec,0,1,false,false,,false,
dotnet-sample,clsDatabase.cs,clsDatabase.cs,,,TRSProcessApprovalSettlementBIS4,TRSProcessApprovalSettlementBIS4,subTRSProcessApprovalSettlementBIS4,EXEC,exec,0,1,false,false,,false,
dotnet-sample,clsDatabase.cs,clsDatabase.cs,,,TRSProcessBankCustody,TRSProcessBankCustody,subTRSProcessBankCustody,EXEC,exec,0,1,false,false,,false,
dotnet-sample,clsDatabase.cs,clsDatabase.cs,,,TRSProcessBuyBack,TRSProcessBuyBack,subTRSProcessBuyBack,EXEC,exec,0,1,false,false,,false,
dotnet-sample,clsDatabase.cs,clsDatabase.cs,,,TRSProcessCancelORIOrderCommit,TRSProcessCancelORIOrderCommit,subTRSProcessCancelORIOrderCommit,EXEC,exec,0,1,false,false,,false,
dotnet-sample,clsDatabase.cs,clsDatabase.cs,,,TRSProcessDeleteORIOrder,TRSProcessDeleteORIOrder,subTRSProcessDeleteORIOrder,EXEC,exec,0,1,false,false,,false,
dotnet-sample,clsDatabase.cs,clsDatabase.cs,,,TRSProcessDeleteORIOrderCommit,TRSProcessDeleteORIOrderCommit,subTRSProcessDeleteORIOrderCommit,EXEC,exec,0,1,false,false,,false,
dotnet-sample,clsDatabase.cs,clsDatabase.cs,,,TRSProcessDeleteSecurityTransactionCommit,TRSProcessDeleteSecurityTransactionCommit,subTRSProcessDeleteSecurityTransactionCommit,EXEC,exec,0,1,false,false,,false,
dotnet-sample,clsDatabase.cs,clsDatabase.cs,,,TRSProcessEarlyRedemAuthorization,TRSProcessEarlyRedemAuthorization,subTRSProcessEarlyRedemAuthorization,EXEC,exec,0,1,false,false,,false,
dotnet-sample,clsDatabase.cs,clsDatabase.cs,,,TRSProcessEditCustomerAuthorization,TRSProcessEditCustomerAuthorization,subTRSProcessEditCustomerAuthorization,EXEC,exec,0,1,false,false,,false,
dotnet-sample,clsDatabase.cs,clsDatabase.cs,,,TRSProcessHapusTransaksiSuratBerharga,TRSProcessHapusTransaksiSuratBerharga,subTRSProcessHapusTransaksiSuratBerharga,EXEC,exec,0,1,false,false,,false,
dotnet-sample,clsDatabase.cs,clsDatabase.cs,,,TRSProcessInsertORIOrderCommit,TRSProcessInsertORIOrderCommit,subTRSProcessInsertORIOrderCommit,EXEC,exec,0,1,false,false,,false,
dotnet-sample,clsDatabase.cs,clsDatabase.cs,,,TRSProcessInsertSecurityTransactionCommit,TRSProcessInsertSecurityTransactionCommit,subTRSProcessInsertSecurityTransactionCommit,EXEC,exec,0,3,false,false,,false,
dotnet-sample,clsDatabase.cs,clsDatabase.cs,,,TRSProcessKuponUpload,TRSProcessKuponUpload,subTRSProcessKuponUpload,EXEC,exec,0,1,false,false,,false,
dotnet-sample,clsDatabase.cs,clsDatabase.cs,,,TRSProcessKuponUploadAuthorization,TRSProcessKuponUploadAuthorization,subTRSProcessKuponUploadAuthorization,EXEC,exec,0,1,false,false,,false,
dotnet-sample,clsDatabase.cs,clsDatabase.cs,,,TRSProcessMaturityUpload,TRSProcessMaturityUpload,subTRSProcessMaturityUpload,EXEC,exec,0,1,false,false,,false,
dotnet-sample,clsDatabase.cs,clsDatabase.cs,,,TRSProcessMaturityUploadAuthorization,TRSProcessMaturityUploadAuthorization,subTRSProcessMaturityUploadAuthorization,EXEC,exec,0,1,false,false,,false,
dotnet-sample,clsDatabase.cs,clsDatabase.cs,,,TRSProcessPTOSCustomerAuthen,TRSProcessPTOSCustomerAuthen,subTRSProcessPTOSCustomerAuthen,EXEC,exec,0,1,false,false,,false,
dotnet-sample,clsDatabase.cs,clsDatabase.cs,,,TRSProcessPTOSCustomer_TM,TRSProcessPTOSCustomer_TM,subTRSProcessPTOSCustomer,EXEC,exec,0,1,false,false,,false,
dotnet-sample,clsDatabase.cs,clsDatabase.cs,,,TRSProcessPTOSOuts,TRSProcessPTOSOuts,subTRSProcessPTOSOuts,EXEC,exec,0,1,false,false,,false,
dotnet-sample,clsDatabase.cs,clsDatabase.cs,,,TRSProcessPTOSOutsAuthen,TRSProcessPTOSOutsAuthen,subTRSProcessPTOSOutsAuthen,EXEC,exec,0,1,false,false,,false,
dotnet-sample,clsDatabase.cs,clsDatabase.cs,,,TRSProcessPTOSSecurityMasterAuthen,TRSProcessPTOSSecurityMasterAuthen,subTRSProcessPTOSSecurityMasterAuthen,EXEC,exec,0,1,false,false,,false,
dotnet-sample,clsDatabase.cs,clsDatabase.cs,,,TRSProcessPTOSTrx,TRSProcessPTOSTrx,subTRSProcessPTOSTrx,EXEC,exec,0,1,false,false,,false,
dotnet-sample,clsDatabase.cs,clsDatabase.cs,,,TRSProcessPTOSTrxAuthen,TRSProcessPTOSTrxAuthen,subTRSProcessPTOSTrxAuthen,EXEC,exec,0,1,false,false,,false,
dotnet-sample,clsDatabase.cs,clsDatabase.cs,,,TRSProcessPTOSUpload,TRSProcessPTOSUpload,subTRSProcessPTOSUpload,EXEC,exec,0,1,false,false,,false,
dotnet-sample,clsDatabase.cs,clsDatabase.cs,,,TRSProcessPTOSUploadAuthen,TRSProcessPTOSUploadAuthen,subTRSProcessPTOSUploadAuthen,EXEC,exec,0,1,false,false,,false,
dotnet-sample,clsDatabase.cs,clsDatabase.cs,,,TRSProcessPTSOSecurityMaster,TRSProcessPTSOSecurityMaster,subTRSProcessPTOSSecurityMaster,EXEC,exec,0,1,false,false,,false,
dotnet-sample,clsDatabase.cs,clsDatabase.cs,,,TRSProcessSaveParameterFLD,TRSProcessSaveParameterFLD,SaveParameterFLDEach,EXEC,exec,0,1,false,false,,false,
dotnet-sample,clsDatabase.cs,clsDatabase.cs,,,TRSProcessSecurityFee,TRSProcessSecurityFee,subTRSProcessSecurityFee,EXEC,exec,0,1,false,false,,false,
dotnet-sample,clsDatabase.cs,clsDatabase.cs,,,TRSProcessSecurityFeeAuthorization,TRSProcessSecurityFeeAuthorization,subTRSProcessSecurityFeeAuthorization,EXEC,exec,0,1,false,false,,false,
dotnet-sample,clsDatabase.cs,clsDatabase.cs,,,TRSProcessSecurityMaster,TRSProcessSecurityMaster,subTRSProcessSecurityMaster,EXEC,exec,0,1,false,false,,false,
dotnet-sample,clsDatabase.cs,clsDatabase.cs,,,TRSProcessSecurityMasterAuthorization,TRSProcessSecurityMasterAuthorization,subTRSProcessSecurityMasterAuthorization,EXEC,exec,0,1,false,false,,false,
dotnet-sample,clsDatabase.cs,clsDatabase.cs,,,TRSProcessSeller,TRSProcessSeller,subTRSProcessSeller,EXEC,exec,0,1,false,false,,false,
dotnet-sample,clsDatabase.cs,clsDatabase.cs,,,TRSProcessSettlementBIS4,TRSProcessSettlementBIS4,subTRSProcessSettlementBIS4,EXEC,exec,0,1,false,false,,false,
dotnet-sample,clsDatabase.cs,clsDatabase.cs,,,TRSProcessSettlementBuyBack,TRSProcessSettlementBuyBack,subTRSProcessSettlementBuyBack,EXEC,exec,0,1,false,false,,false,
dotnet-sample,clsDatabase.cs,clsDatabase.cs,,,TRSProcessSettlementCashBack,TRSProcessSettlementCashBack,subTRSProcessSettlementCashBack,EXEC,exec,0,1,false,false,,false,
dotnet-sample,clsDatabase.cs,clsDatabase.cs,,,TRSProcessSettlementEarlyRedem,TRSProcessSettlementEarlyRedem,subTRSProcessSettlementEarlyRedem,EXEC,exec,0,1,false,false,,false,
dotnet-sample,clsDatabase.cs,clsDatabase.cs,,,TRSProcessSettlementKupon,TRSProcessSettlementKupon,subTRSProcessSettlementKupon,EXEC,exec,0,1,false,false,,false,
dotnet-sample,clsDatabase.cs,clsDatabase.cs,,,TRSProcessSettlementMaturity,TRSProcessSettlementMaturity,subTRSProcessSettlementMaturity,EXEC,exec,0,1,false,false,,false,
dotnet-sample,clsDatabase.cs,clsDatabase.cs,,,TRSProcessSettlementOrder,TRSProcessSettlementOrder,subTRSProcessSettlementOrder,EXEC,exec,0,1,false,false,,false,
dotnet-sample,clsDatabase.cs,clsDatabase.cs,,,TRSProcessSettlementTransaksiBankBeli,TRSProcessSettlementTransaksiBankBeli,subTRSProcessSettlementTransaksiBankBeli,EXEC,exec,0,1,false,false,,false,
dotnet-sample,clsDatabase.cs,clsDatabase.cs,,,TRSProcessSettlementTransaksiBankBeliFee,TRSProcessSettlementTransaksiBankBeliFee,subTRSProcessSettlementTransaksiBankBeliFee,EXEC,exec,0,1,false,false,,false,
dotnet-sample,clsDatabase.cs,clsDatabase.cs,,,TRSProcessSettlementTransaksiBankBeliPajak,TRSProcessSettlementTransaksiBankBeliPajak,subTRSProcessSettlementTransaksiBankBeliPajak,EXEC,exec,0,1,false,false,,false,
dotnet-sample,clsDatabase.cs,clsDatabase.cs,,,TRSProcessSettlementTransaksiBankJual,TRSProcessSettlementTransaksiBankJual,subTRSProcessSettlementTransaksiBankJual,EXEC,exec,0,1,false,false,,false,
dotnet-sample,clsDatabase.cs,clsDatabase.cs,,,TRSProcessUpdateTrxBankJual,TRSProcessUpdateTrxBankJual,subTRSProcessUpdateTrxBankJual,EXEC,exec,0,1,false,false,,false,
dotnet-sample,clsDatabase.cs,clsDatabase.cs,,,TRSProcessUploadRefund,TRSProcessUploadRefund,subTRSProcessUploadRefund,EXEC,exec,0,1,false,false,,false,
dotnet-sample,clsDatabase.cs,clsDatabase.cs,,,TRSProcessUploadTransaksiSuratBerharga,TRSProcessUploadTransaksiSuratBerharga,subTRSUploadTransaksiSuratBerharga,EXEC,exec,0,1,false,false,,false,
dotnet-sample,clsDatabase.cs,clsDatabase.cs,,,TRSProrateTrxTaxAmesty,TRSProrateTrxTaxAmesty,subTRSPopulateSetlementTransaksiBankBeli,EXEC,exec,0,1,false,false,,false,
dotnet-sample,clsDatabase.cs,clsDatabase.cs,,,TRSRePushGagalBayarOri,TRSRePushGagalBayarOri,RePushProsesGagalPerdana,EXEC,exec,0,1,false,false,,false,
dotnet-sample,clsDatabase.cs,clsDatabase.cs,,,TRSRejectHapusTransaksiSuratBerharga,TRSRejectHapusTransaksiSuratBerharga,subTRSRejectHapusTransaksiSuratBerharga,EXEC,exec,0,1,false,false,,false,
dotnet-sample,clsDatabase.cs,clsDatabase.cs,,,TRSReportSettlementBIS4,TRSReportSettlementBIS4,subTRSReportSettlementBIS4,EXEC,exec,0,1,false,false,,false,
dotnet-sample,clsDatabase.cs,clsDatabase.cs,,,TRSRetailCalculateFee2,TRSRetailCalculateFee2,subTRSRetailCalculateFee2,EXEC,exec,0,1,false,false,,false,
dotnet-sample,clsDatabase.cs,clsDatabase.cs,,,TRSSaveMappingMurexBIS4,TRSSaveMappingMurexBIS4,subTRSSaveParameterMurexBIS4,EXEC,exec,0,1,false,false,,false,
dotnet-sample,clsDatabase.cs,clsDatabase.cs,,,TRSSaveUploadCTPMurex,TRSSaveUploadCTPMurex,subTRSUploadDataCTPMurex,EXEC,exec,0,1,false,false,,false,
dotnet-sample,clsDatabase.cs,clsDatabase.cs,,,TRSSplitOrder,TRSSplitOrder,subTRSSplitOrder,EXEC,exec,0,1,false,false,,false,
dotnet-sample,clsDatabase.cs,clsDatabase.cs,,,TRSSubmitListSeriESBN,TRSSubmitListSeriESBN,subTRSSubmitSERI,EXEC,exec,0,1,false,false,,false,
dotnet-sample,clsDatabase.cs,clsDatabase.cs,,,TRSUntagRekSBNPopulate,TRSUntagRekSBNPopulate,TRSUntagRekSBNPopulate,EXEC,exec,0,1,false,false,,false,
dotnet-sample,clsDatabase.cs,clsDatabase.cs,,,TRSUntagRekSBNPopulateApproval,TRSUntagRekSBNPopulateApproval,TRSUntagRekSBNPopulateApproval,EXEC,exec,0,1,false,false,,false,
dotnet-sample,clsDatabase.cs,clsDatabase.cs,,,TRSUntagRekSBNProcessAuth,TRSUntagRekSBNProcessAuth,TRSUntagRekSBNProcessAuth,EXEC,exec,0,1,false,false,,false,
dotnet-sample,clsDatabase.cs,clsDatabase.cs,,,TRSUntagRekSBNSave,TRSUntagRekSBNSave,TRSUntagRekSBNSave,EXEC,exec,0,1,false,false,,false,
dotnet-sample,clsDatabase.cs,clsDatabase.cs,,,TRSUpdateBlockSequence,TRSUpdateBlockSequence,TRSUpdateBlockSequence,EXEC,exec,0,1,false,false,,false,
dotnet-sample,clsDatabase.cs,clsDatabase.cs,,,TRSUpdateBlokirMateraiFee,TRSUpdateBlokirMateraiFee,subTRSUpdateBlokirMateraiFee,EXEC,exec,0,1,false,false,,false,
dotnet-sample,clsDatabase.cs,clsDatabase.cs,,,TRSUpdateBlokirSwitchingTransaction,TRSUpdateBlokirSwitchingTransaction,subTRSUpdateBlokirSwitchingTransaction,EXEC,exec,0,1,false,false,,false,
dotnet-sample,clsDatabase.cs,clsDatabase.cs,,,TRSUpdateOrderPriority,TRSUpdateOrderPriority,subTRSUpdateOrderPriority,EXEC,exec,0,1,false,false,,false,
dotnet-sample,clsDatabase.cs,clsDatabase.cs,,,TRSUploadDataSeller,TRSUploadDataSeller,subUploadDataSeller,EXEC,exec,0,1,false,false,,false,
dotnet-sample,clsDatabase.cs,clsDatabase.cs,,,TRSValidateUploadParameterFLD,TRSValidateUploadParameterFLD,ValidateParameterFLD,EXEC,exec,0,1,false,false,,false,
dotnet-sample,clsDatabase.cs,clsDatabase.cs,,,TRSValidateUploadTransaction,TRSValidateUploadTransaction,TRSValidateUploadTrx,EXEC,exec,0,1,false,false,,false,
dotnet-sample,clsDatabase.cs,clsDatabase.cs,,,UserGetToolbar,UserGetToolbar,subUserGetToolbar,EXEC,exec,0,1,false,false,,false,
dotnet-sample,clsDatabase.cs,clsDatabase.cs,,,trs_DeleteSecurityMaster_TM,trs_DeleteSecurityMaster_TM,subtrs_DeleteSecurityMaster_TM,EXEC,exec,0,1,false,false,,false,
dotnet-sample,clsDatabase.cs,clsDatabase.cs,,,trs_InsertSecurityMaster_TM,trs_InsertSecurityMaster_TM,subtrs_InsertSecurityMaster_TM,EXEC,exec,0,1,false,false,,false,
dotnet-sample,clsDatabase.cs,clsDatabase.cs,,,trs_ListColumnsTable,trs_ListColumnsTable,subtrs_ListColumnsTable,EXEC,exec,0,1,false,false,,false,
dotnet-sample,clsDatabase.cs,clsDatabase.cs,,,trs_ListSecurityInterestType_TR,trs_ListSecurityInterestType_TR,subtrs_ListSecurityInterestType_TR,EXEC,exec,0,1,false,false,,false,
dotnet-sample,clsDatabase.cs,clsDatabase.cs,,,trs_ListSecurityMaster_TM,trs_ListSecurityMaster_TM,subtrs_ListSecurityMaster_TM,EXEC,exec,0,1,false,false,,false,
dotnet-sample,clsDatabase.cs,clsDatabase.cs,,,trs_ListTreasuryCustomer_TM_Original,trs_ListTreasuryCustomer_TM_Original,subtrs_ListTreasuryCustomer_TM_Original,EXEC,exec,0,1,false,false,,false,
dotnet-sample,clsDatabase.cs,clsDatabase.cs,,,trs_PopulateAlamatNasabah,trs_PopulateAlamatNasabah,subTRSPopulateAlamatKorespondensi,EXEC,exec,0,1,false,false,,false,
dotnet-sample,clsDatabase.cs,clsDatabase.cs,,,trs_SearchSecId,trs_SearchSecId,subtrs_SearchSecId,EXEC,exec,0,1,false,false,,false,
dotnet-sample,clsDatabase.cs,clsDatabase.cs,,,trs_UpdateSecurityMaster_TM,trs_UpdateSecurityMaster_TM,subtrs_UpdateSecurityMaster_TM,EXEC,exec,0,1,false,false,,false,
dotnet-sample,clsDatabase.cs,clsDatabase.cs,,dbo,OMDeleteProcessInputSecurityMaster,dbo.OMDeleteProcessInputSecurityMaster,DeleteTransactionSekunder,EXEC,exec,0,1,false,false,,false,
dotnet-sample,clsDatabase.cs,clsDatabase.cs,,dbo,SecurityGetNextCouponDate,dbo.SecurityGetNextCouponDate,GetNextCouponDate,EXEC,exec,0,1,false,false,,false,
dotnet-sample,clsDatabase.cs,clsDatabase.cs,,dbo,TRSCustodyMonitorFile,dbo.TRSCustodyMonitorFile,CustodyUploadMonitorFile,EXEC,exec,0,1,false,false,,false,
dotnet-sample,clsDatabase.cs,clsDatabase.cs,,dbo,TRSCustodyUploadCheckExistingData,dbo.TRSCustodyUploadCheckExistingData,CustodyUploadCheckExisting,EXEC,exec,0,1,false,false,,false,
dotnet-sample,clsDatabase.cs,clsDatabase.cs,,dbo,TRSCustodyUploadGetFileParam,dbo.TRSCustodyUploadGetFileParam,CustodyUploadGetFileParam,EXEC,exec,0,1,false,false,,false,
dotnet-sample,clsDatabase.cs,clsDatabase.cs,,dbo,TRSCustodyUploadGetGeneralParam,dbo.TRSCustodyUploadGetGeneralParam,CustodyUploadGetGeneralParam,EXEC,exec,0,1,false,false,,false,
dotnet-sample,clsDatabase.cs,clsDatabase.cs,,dbo,TRSCustodyUploadPopulatePendingAuthDetail,dbo.TRSCustodyUploadPopulatePendingAuthDetail,CustodyUploadPopulateAuthDetail,EXEC,exec,0,1,false,false,,false,
dotnet-sample,clsDatabase.cs,clsDatabase.cs,,dbo,TRSCustodyUploadPopulatePendingAuthMain,dbo.TRSCustodyUploadPopulatePendingAuthMain,CustodyUploadPopulateAuthMain,EXEC,exec,0,1,false,false,,false,
dotnet-sample,clsDatabase.cs,clsDatabase.cs,,dbo,TRSCustodyUploadProcessAuth,dbo.TRSCustodyUploadProcessAuth,CustodyUploadProcessAuth,EXEC,exec,0,1,false,false,,false,
dotnet-sample,clsDatabase.cs,clsDatabase.cs,,dbo,TRSCustodyUploadSaveData,dbo.TRSCustodyUploadSaveData,CustodyUploadSaveData,EXEC,exec,0,1,false,false,,false,
dotnet-sample,clsDatabase.cs,clsDatabase.cs,,dbo,TRSCustodyUploadValidateCutoff,dbo.TRSCustodyUploadValidateCutoff,CustodyUploadValidateCutoff,EXEC,exec,0,1,false,false,,false,
dotnet-sample,clsDatabase.cs,clsDatabase.cs,,dbo,TRSDeleteProcessInputMateraiFee,dbo.TRSDeleteProcessInputMateraiFee,DeleteTransactionMateraiFee,EXEC,exec,0,1,false,false,,false,
dotnet-sample,clsDatabase.cs,clsDatabase.cs,,dbo,TRSGetBlokirAmount,dbo.TRSGetBlokirAmount,GetBlockAmount,EXEC,exec,0,1,false,false,,false,
dotnet-sample,clsDatabase.cs,clsDatabase.cs,,dbo,TRSGetDefaultSettlementDate,dbo.TRSGetDefaultSettlementDate,ParamAccruedDaysGetDefaultSettlementDate,EXEC,exec,0,1,false,false,,false,
dotnet-sample,clsDatabase.cs,clsDatabase.cs,,dbo,TRSGetNormalAccuredDays,dbo.TRSGetNormalAccuredDays,ParamAccruedDaysGetNormalAccruedDays,EXEC,exec,0,1,false,false,,false,
dotnet-sample,clsDatabase.cs,clsDatabase.cs,,dbo,TRSGetSettBankBeliBlokirData,dbo.TRSGetSettBankBeliBlokirData,GetSettlementBankBeliBlokirData,EXEC,exec,0,1,false,false,,false,
dotnet-sample,clsDatabase.cs,clsDatabase.cs,,dbo,TRSMergeFileUpload,dbo.TRSMergeFileUpload,MergeFileUpload,EXEC,exec,0,1,false,false,,false,
dotnet-sample,clsDatabase.cs,clsDatabase.cs,,dbo,TRSParamAccruedDaysAuthPopulate,dbo.TRSParamAccruedDaysAuthPopulate,ParamAccruedDaysAuthPopulate,EXEC,exec,0,1,false,false,,false,
dotnet-sample,clsDatabase.cs,clsDatabase.cs,,dbo,TRSParamAccruedDaysAuthProcess,dbo.TRSParamAccruedDaysAuthProcess,ParamAccruedDaysAuthProcess,EXEC,exec,0,1,false,false,,false,
dotnet-sample,clsDatabase.cs,clsDatabase.cs,,dbo,TRSParamAccruedDaysPopulate,dbo.TRSParamAccruedDaysPopulate,ParamAccruedDaysPopulate,EXEC,exec,0,1,false,false,,false,
dotnet-sample,clsDatabase.cs,clsDatabase.cs,,dbo,TRSParamAccruedDaysSave,dbo.TRSParamAccruedDaysSave,ParamAccruedDaysSave,EXEC,exec,0,1,false,false,,false,
dotnet-sample,clsDatabase.cs,clsDatabase.cs,,dbo,TRSPopulateDetailAppUploadDocsLink,dbo.TRSPopulateDetailAppUploadDocsLink,DocLinkAuthPopulateDetail,EXEC,exec,0,1,false,false,,false,
dotnet-sample,clsDatabase.cs,clsDatabase.cs,,dbo,TRSPopulateDocsLink,dbo.TRSPopulateDocsLink,DocLinkPopulateData,EXEC,exec,0,1,false,false,,false,
dotnet-sample,clsDatabase.cs,clsDatabase.cs,,dbo,TRSPopulateMainAppUploadDocsLink,dbo.TRSPopulateMainAppUploadDocsLink,DocLinkAuthPopulateMaster,EXEC,exec,0,1,false,false,,false,
dotnet-sample,clsDatabase.cs,clsDatabase.cs,,dbo,TRSPopulateParameterMergeFile,dbo.TRSPopulateParameterMergeFile,PopulateParameterMergeFile,EXEC,exec,0,1,false,false,,false,
dotnet-sample,clsDatabase.cs,clsDatabase.cs,,dbo,TRSProcessApprovalDocsLink,dbo.TRSProcessApprovalDocsLink,DocLinkAuthProcess,EXEC,exec,0,1,false,false,,false,
dotnet-sample,clsDatabase.cs,clsDatabase.cs,,dbo,TRSProcessUploadDocsLink,dbo.TRSProcessUploadDocsLink,DocLinkSave,EXEC,exec,0,2,false,false,,false,
dotnet-sample,clsDatabase.cs,clsDatabase.cs,,dbo,TRSRetailReCalculateAccrued,dbo.TRSRetailReCalculateAccrued,RecalculateAccrued,EXEC,exec,0,1,false,false,,false,
dotnet-sample,clsDatabase.cs,clsDatabase.cs,,dbo,TRSUpdateFileUploadMaturity,dbo.TRSUpdateFileUploadMaturity,UpdateFileMaturity,EXEC,exec,0,1,false,false,,false,
dotnet-sample,clsDatabase.cs,clsDatabase.cs,,dbo,TRSValidateDocsLinkUrl,dbo.TRSValidateDocsLinkUrl,ValidateDocLinkUrl,EXEC,exec,0,1,false,false,,false,
dotnet-sample,clsDatabase.cs,clsDatabase.cs,,dbo,TRSValidateProcessKuponUpload,dbo.TRSValidateProcessKuponUpload,subTRSValidateMatchingKuponBeforeProcess,EXEC,exec,0,1,false,false,,false,
dotnet-sample,clsDatabase.cs,clsDatabase.cs,,dbo,UserGetToolbar,dbo.UserGetToolbar,ToolbarButtonPopulate,EXEC,exec,0,1,false,false,,false,
dotnet-sample,clsDatabase.cs,clsDatabase.cs,,dbo,trs_CheckDiffNIKOrderHapusOriInpAppv,dbo.trs_CheckDiffNIKOrderHapusOriInpAppv,CheckDiffNIKOrderHapusOriInpAppv,EXEC,exec,0,1,false,false,,false,
dotnet-sample,clsDatabase.cs,clsDatabase.cs,,dbo,trs_CheckIsThereAnyOrderCorrection,dbo.trs_CheckIsThereAnyOrderCorrection,CheckIsThereAnyOrderCorrection,EXEC,exec,0,1,false,false,,false,
dotnet-sample,clsDatabase.cs,clsDatabase.cs,,dbo,trs_ListColumnsTable,dbo.trs_ListColumnsTable,columnsPTOSOutstanding_TR,EXEC,exec,0,3,false,false,,false,
dotnet-sample,clsDatabase.cs,clsDatabase.cs,,dbo,trs_ListSecurityMasterPending_TM,dbo.trs_ListSecurityMasterPending_TM,subtrs_ListSecurityMasterPending_TM,EXEC,exec,0,1,false,false,,false,
dotnet-sample,clsDatabase.cs,clsDatabase.cs,,dbo,trs_ValidateCutOffTimeTransaction,dbo.trs_ValidateCutOffTimeTransaction,subTRSValidateCutOffTimeTransaction,EXEC,exec,0,1,false,false,,false,
dotnet-sample,clsDatabase.cs,clsDatabase.cs,,dbo,trs_ValidateCutOffTimeTrxEarlyRedem,dbo.trs_ValidateCutOffTimeTrxEarlyRedem,subTRSValidateCutOffTimeTrxEarlyRedem,EXEC,exec,0,1,false,false,,false,
dotnet-sample,clsDatabase.cs,clsDatabase.cs,,dbo,trs_ValidateNasabahDormantSettBankBeli,dbo.trs_ValidateNasabahDormantSettBankBeli,ValidateNasabahDormantSettBankBeli,EXEC,exec,0,1,false,false,,false,
dotnet-sample,clsDatabase.cs,clsDatabase.cs,,dbo,trs_getDataTransaction,dbo.trs_getDataTransaction,GetDataTransaction,EXEC,exec,0,1,false,false,,false,
dotnet-sample,clsDatabase.cs,clsDatabase.cs,,dbo,trs_getParameterTR,dbo.trs_getParameterTR,getParamaterTR,EXEC,exec,0,1,false,false,,false,
dotnet-sample,clsValasService.cs,clsValasService.cs,,,<dynamic-sql>,<dynamic-sql>,Exception;ISNULL;VARCHAR,EXEC;SELECT;UNKNOWN,exec;source,23,9,false,true,dynamic-sql,true,dynamic-sql
dotnet-sample,clsValasService.cs,clsValasService.cs,,dbo,,dbo,DeleteDataSummaryValas;ISNULL;VARCHAR,EXEC;SELECT;TRUNCATE,exec;source;target,8,31,false,false,,false,
dotnet-sample,clsValasService.cs,clsValasService.cs,,dbo,TAgent,dbo.TAgent,openxml,EXEC,exec,0,1,false,false,,false,
dotnet-sample,clsValasService.cs,clsValasService.cs,,dbo,TDeal,dbo.TDeal,openxml,EXEC,exec,0,1,false,false,,false,
dotnet-sample,clsValasService.cs,clsValasService.cs,,dbo,TDealDocument,dbo.TDealDocument,openxml,EXEC,exec,0,1,false,false,,false,
dotnet-sample,clsValasService.cs,clsValasService.cs,,dbo,TRN_HDR_FX,dbo.TRN_HDR_FX,isnull,SELECT,source,1,0,false,false,,false,
dotnet-sample,clsValasService.cs,clsValasService.cs,,dbo,VLSResultFinal_TH,dbo.VLSResultFinal_TH,ISNULL,INSERT;SELECT,mixed,0,8,false,false,,false,
dotnet-sample,clsValasService.cs,clsValasService.cs,,dbo,VLSSummaryFXOption_TM,dbo.VLSSummaryFXOption_TM,DeleteDataValasSummaryFXOption;VARCHAR,EXEC;TRUNCATE,exec;target,0,4,false,false,,false,
dotnet-sample,clsValasService.cs,clsValasService.cs,,dbo,VLSSummary_TM,dbo.VLSSummary_TM,DeleteDataValasSummary;VARCHAR,EXEC;TRUNCATE,exec;target,0,4,false,false,,false,
dotnet-sample,clsValasService.cs,clsValasService.cs,,dbo,VLSTransactions_TR,dbo.VLSTransactions_TR,DeleteDataValasTransaction,TRUNCATE,target,0,3,false,false,,false,
dotnet-sample,clsValasService.cs,clsValasService.cs,,dbo,VLSTransactions_TR_BackupONFX276,dbo.VLSTransactions_TR_BackupONFX276,in,SELECT,source,1,0,false,false,,false,
dotnet-sample,clsValasService.cs,clsValasService.cs,,dbo,ZFXMAST,dbo.ZFXMAST,InquiryZFXMAST,SELECT,source,1,0,false,false,,false,
dotnet-sample,clsValasService.cs,clsValasService.cs,,dbo,openxml,dbo.openxml,Exception;VARCHAR;openxml,EXEC,exec,0,34,false,false,,false,
dotnet-sample,clsValasService.cs,clsValasService.cs,,dbo,sp_xml_preparedocument,dbo.sp_xml_preparedocument,Exception;VARCHAR;openxml,EXEC,exec,0,34,false,false,,false,
dotnet-sample,frmObligasiUpdateStatusTRX.cs,frmObligasiUpdateStatusTRX.cs,,,<dynamic-sql>,<dynamic-sql>,subPopulateGridMain,EXEC,exec,0,4,false,true,dynamic-sql,true,dynamic-sql
dotnet-sample,frmObligasiUpdateStatusTRX.cs,frmObligasiUpdateStatusTRX.cs,,,TRSGetEmailForPushBack,TRSGetEmailForPushBack,Exception,EXEC,exec,0,2,false,false,,false,
dotnet-sample,frmObligasiUpdateStatusTRX.cs,frmObligasiUpdateStatusTRX.cs,,,TRSGetEmailLookUp,TRSGetEmailLookUp,SentEmail,EXEC,exec,0,2,false,false,,false,
dotnet-sample,frmObligasiUpdateStatusTRX.cs,frmObligasiUpdateStatusTRX.cs,,,UserGetToolbarTree,UserGetToolbarTree,trvOtorisasi_NodeMouseClick,EXEC,exec,0,1,false,false,,false,
dotnet-sample,frmObligasiUpdateStatusTRX.cs,frmObligasiUpdateStatusTRX.cs,,,UserGetTreeView,UserGetTreeView,frmObligasiUpdateStatusTRX_Load,EXEC,exec,0,1,false,false,,false,
dotnet-sample,frmObligasiUpdateStatusTRX.cs,frmObligasiUpdateStatusTRX.cs,,,common2_populate_tree,common2_populate_tree,subInitForm,EXEC,exec,0,1,false,false,,false,
dotnet-sample,frmObligasiUpdateStatusTRX.cs,frmObligasiUpdateStatusTRX.cs,,,trs_PushBackStatusSecurityTransaction_TT,trs_PushBackStatusSecurityTransaction_TT,subAcceptReject,EXEC,exec,0,1,false,false,,false,
dotnet-sample,frmObligasiUpdateStatusTRX.cs,frmObligasiUpdateStatusTRX.cs,,,trs_UpdateStatusSecurityTransactionAfterMurex,trs_UpdateStatusSecurityTransactionAfterMurex,subAcceptReject,EXEC,exec,0,13,false,false,,false,
dotnet-sample,frmObligasiUpdateStatusTRX.cs,frmObligasiUpdateStatusTRX.cs,,dbo,trs_getAccBlokSeqOrder,dbo.trs_getAccBlokSeqOrder,getAccBlockSequnceAndSeqAcBaseOrderIDTemp,EXEC,exec,0,1,false,false,,false,
