AppName,RelPath,File,Func,LineStart,LineEnd,RawSql,SqlClean,UsageKind,IsWrite,IsDynamic,HasCrossDb,DbList,ObjectCount,QueryHash,SourceCategory,SourceKind,CallSiteKind,DynamicSignature,DynamicReason,ConnName,ConnDb,RiskLevel,DefinedInRelPath,DefinedInLine
golang-sample,go1/destination.go,destination.go,DeleteAvgPrice,81,81,"
declare @dtToday varchar(8)
set @dtToday = convert(varchar(8),  getdate(), 112)
delete mk006_a_actuate
where convert(varchar(8), ProcessDate, 112) = @dtToday
","declare @dtToday varchar(8) set @dtToday = convert(varchar(8), getdate(), 112) delete mk006_a_actuate where convert(varchar(8), ProcessDate, 112) = @dtToday",DELETE,true,false,false,,1,02a5a6a3cb7ccdd2c5b0af63661205fb9c9c1949,code,go,go,,,db,,MEDIUM,go1/query.go,153
golang-sample,go1/destination.go,destination.go,DeleteDuplicateConfo,44,44,"DELETE FROM confomk005_a WHERE convert(varchar(8), ProcessDate, 112) >= convert(varchar(8), getdate(), 112)","DELETE FROM confomk005_a WHERE convert(varchar(8), ProcessDate, 112) >= convert(varchar(8), getdate(), 112)",DELETE,true,false,false,,1,05b7f6bc6de9c94111ddc9b64163080303352a42,code,go,go,,,db,,MEDIUM,go1/query.go,8
golang-sample,go1/destination.go,destination.go,DeleteDuplicateConfo,44,44,"DELETE FROM confomk006_a WHERE convert(varchar(8), ProcessDate, 112) >= convert(varchar(8), getdate(), 112)","DELETE FROM confomk006_a WHERE convert(varchar(8), ProcessDate, 112) >= convert(varchar(8), getdate(), 112)",DELETE,true,false,false,,1,ece0a8fc2aef9581217c832e25c532b5aed7327c,code,go,go,,,db,,MEDIUM,go1/query.go,8
golang-sample,go1/destination.go,destination.go,DeleteDuplicateDataMK,211,211,"delete from mk006_a where convert(varchar(8),ProcessDate, 112) = convert(varchar(8),getdate(), 112)","delete from mk006_a where convert(varchar(8),ProcessDate, 112) = convert(varchar(8),getdate(), 112)",DELETE,true,false,false,,1,3af9c6394a39d7e394c32777071366cb64d41543,code,go,go,,,db,,MEDIUM,go1/query.go,80
golang-sample,go1/destination.go,destination.go,DeleteDuplicateDataMK,211,211,"delete from mk005_a where convert(varchar(8),ProcessDate, 112) = convert(varchar(8),getdate(), 112)","delete from mk005_a where convert(varchar(8),ProcessDate, 112) = convert(varchar(8),getdate(), 112)",DELETE,true,false,false,,1,5991f767c6a54d39a62b8afd7af3bdd059d33d52,code,go,go,,,db,,MEDIUM,go1/query.go,80
golang-sample,go1/destination.go,destination.go,ExecSPMK,118,118,[dbo].[MK005-A],[dbo].[MK005-A],EXEC,true,false,false,,1,376faa5ad96893cab7472716697765a36ddc3c54,code,go,go,,,db,,MEDIUM,go1/sp.go,17
golang-sample,go1/destination.go,destination.go,ExecSPMK,118,118,[dbo].[MK002-A_detail],[dbo].[MK002-A_detail],EXEC,true,false,false,,1,8b9c9753007e4c13de674c52f8578fc8c37d1b0a,code,go,go,,,db,,MEDIUM,go1/sp.go,17
golang-sample,go1/destination.go,destination.go,ExecSPMK,118,118,[dbo].[MK006-A],[dbo].[MK006-A],EXEC,true,false,false,,1,b6fc4c6c823dec402ed2fdef1e96408ab7ccba58,code,go,go,,,db,,MEDIUM,go1/sp.go,17
golang-sample,go1/destination.go,destination.go,ExecSPMK,118,118,[dbo].[MK002-A],[dbo].[MK002-A],EXEC,true,false,false,,1,cae9b620e82a1bd27556bf598c50353d204e5e5d,code,go,go,,,db,,MEDIUM,go1/sp.go,17
golang-sample,go1/destination.go,destination.go,ExecuteSPMurexTConfo,61,61,dbo.TConfoMK005_A,dbo.TConfoMK005_A,EXEC,true,false,false,,1,1bf3c016699705ac5e7a5cc109d738e2ec826525,code,go,go,,,db,,MEDIUM,go1/sp.go,11
golang-sample,go1/destination.go,destination.go,ExecuteSPMurexTConfo,61,61,dbo.TConfoMK006_A,dbo.TConfoMK006_A,EXEC,true,false,false,,1,a406be5130ee6f614473551dd13b257dbe4e1f2f,code,go,go,,,db,,MEDIUM,go1/sp.go,11
golang-sample,go1/destination.go,destination.go,GetFlatFileData,132,132,[dbo].[MK006-A_flatfile],[dbo].[MK006-A_flatfile],EXEC,true,false,false,,1,a039651c0176afc443f051510c2b21a69471f74d,code,go,go,,,db,,MEDIUM,go1/sp.go,21
golang-sample,go1/destination.go,destination.go,GetFlatFileData,140,140,[dbo].[MK006-A_flatfile],[dbo].[MK006-A_flatfile],EXEC,true,false,false,,1,a039651c0176afc443f051510c2b21a69471f74d,code,go,go,,,db,,MEDIUM,go1/sp.go,21
golang-sample,go1/destination.go,destination.go,GetFlatFileData,140,140,[dbo].[MK005-A_flatfile],[dbo].[MK005-A_flatfile],EXEC,true,false,false,,1,a35d937d6732b68a5e4ab206e525162452d18c44,code,go,go,,,db,,MEDIUM,go1/sp.go,21
golang-sample,go1/destination.go,destination.go,GetFlatFileData,154,154,[dbo].[MK002-A_flatfile],[dbo].[MK002-A_flatfile],EXEC,true,false,false,,1,68b658f8ee9c86e6771ceeb8767e9d4a945cac5e,code,go,go,,,db,,MEDIUM,go1/sp.go,21
golang-sample,go1/destination.go,destination.go,GetFlatFileData,154,154,[dbo].[MK006-A_flatfile],[dbo].[MK006-A_flatfile],EXEC,true,false,false,,1,a039651c0176afc443f051510c2b21a69471f74d,code,go,go,,,db,,MEDIUM,go1/sp.go,21
golang-sample,go1/destination.go,destination.go,GetFlatFileData,154,154,[dbo].[MK005-A_flatfile],[dbo].[MK005-A_flatfile],EXEC,true,false,false,,1,a35d937d6732b68a5e4ab206e525162452d18c44,code,go,go,,,db,,MEDIUM,go1/sp.go,21
golang-sample,go1/destination.go,destination.go,GetFlatFileUnstructuredData,182,182,[dbo].[MK006UN-A_flatfile],[dbo].[MK006UN-A_flatfile],EXEC,true,false,false,,1,401d8fd3462e5cba3b3693d62bf83e1ec5de571f,code,go,go,,,db,,MEDIUM,go1/sp.go,22
golang-sample,go1/destination.go,destination.go,GetFlatFileUnstructuredData,182,182,[dbo].[MK002UN-A_flatfile],[dbo].[MK002UN-A_flatfile],EXEC,true,false,false,,1,4bc4cf8d89d1a3cae2f102385535a3d65e4753a4,code,go,go,,,db,,MEDIUM,go1/sp.go,22
golang-sample,go1/destination.go,destination.go,GetFlatFileUnstructuredData,182,182,[dbo].[MK005UN-A_flatfile],[dbo].[MK005UN-A_flatfile],EXEC,true,false,false,,1,bb89e1f3f887161b4bb20d35956bc97bb8e6292f,code,go,go,,,db,,MEDIUM,go1/sp.go,22
golang-sample,go1/destination.go,destination.go,GetNamaSSB,71,71,"
declare @dtToday varchar(8)
set @dtToday = convert(varchar(8), getdate(), 112)
select
isnull(CAST(
 STUFF((SELECT DISTINCT ',' + ('''' + CAST(NamaSSB AS VARCHAR(500)) + '''')
 FROM mk006_a
   WHERE convert(varchar(8), ProcessDate, 112) = @dtToday
   GROUP BY NamaSSB
   FOR XML PATH (''))
   , 1, 1, '') AS VARCHAR(8000)), '''''')  AS secid
","declare @dtToday varchar(8) set @dtToday = convert(varchar(8), getdate(), 112) select isnull(CAST( STUFF((SELECT DISTINCT ',' + ('''' + CAST(NamaSSB AS VARCHAR(500)) + '''') FROM mk006_a WHERE convert(varchar(8), ProcessDate, 112) = @dtToday GROUP BY NamaSSB FOR XML PATH ('')) , 1, 1, '') AS VARCHAR(8000)), '''''') AS secid",SELECT,false,false,false,,1,7f8c1bcbcafd8058df3c7325886d646aab09a30e,code,go,go,,,db,,LOW,go1/query.go,140
golang-sample,go1/destination.go,destination.go,GetOboxPreviousWorkingDate,28,28,select * from OBOXGetPrevDate_v,select * from OBOXGetPrevDate_v,SELECT,false,false,false,,1,2b670ce0899d69a442ab570b63ab71cd8d786174,code,go,go,,,db,,LOW,go1/query.go,6
golang-sample,go1/destination.go,destination.go,GetTableRetry,194,194,select process_type from dbo.control_table_resiko_pasar where success_bit = 0 ,select process_type from dbo.control_table_resiko_pasar where success_bit = 0,SELECT,false,false,false,,1,71a7af3e8ce7fd6589c0bf8df83982f2d4c694f4,code,go,go,,,db,,LOW,go1/destination.go,193
golang-sample,go1/destination.go,destination.go,UpdateControlTableResikoPasar,18,18,"[dbo].[UpdateControlTableResikoPasar] ?,?","[dbo].[UpdateControlTableResikoPasar] ?,?",EXEC,true,false,false,,1,6ae73001c2fda128acc6c4df428d721c6c6c3000,code,go,go,,,db,,MEDIUM,go1/sp.go,6
golang-sample,go1/destination.go,destination.go,UpdateTableMK,97,97,[dbo].[MK006-A_UpdateValue],[dbo].[MK006-A_UpdateValue],EXEC,true,false,false,,1,6611667c579e959aaf66d62fdb2464d1c487f15f,code,go,go,,,db,,MEDIUM,go1/sp.go,13
golang-sample,go1/destination.go,destination.go,UpdateTableMK,97,97,[dbo].[MK005-A_UpdateJumlah],[dbo].[MK005-A_UpdateJumlah],EXEC,true,false,false,,1,8a49534b529eb37c2b4ec16c3db40ec5b8f1f288,code,go,go,,,db,,MEDIUM,go1/sp.go,13
golang-sample,go1/query.go,query.go,go1/query.go@L6,6,6,select * from OBOXGetPrevDate_v,select * from OBOXGetPrevDate_v,SELECT,false,false,false,,1,2b670ce0899d69a442ab570b63ab71cd8d786174,code,go,go,,,,,LOW,go1/query.go,6
golang-sample,go1/query.go,query.go,go1/query.go@L8,8,8,"DELETE FROM confomk005_a 
WHERE convert(varchar(8), ProcessDate, 112) >= convert(varchar(8), getdate(), 112)","DELETE FROM confomk005_a WHERE convert(varchar(8), ProcessDate, 112) >= convert(varchar(8), getdate(), 112)",DELETE,true,false,false,,1,05b7f6bc6de9c94111ddc9b64163080303352a42,code,go,go,,,,,MEDIUM,go1/query.go,8
golang-sample,go1/query.go,query.go,go1/query.go@L10,10,10,"DELETE FROM confomk006_a 
WHERE convert(varchar(8), ProcessDate, 112) >= convert(varchar(8), getdate(), 112)","DELETE FROM confomk006_a WHERE convert(varchar(8), ProcessDate, 112) >= convert(varchar(8), getdate(), 112)",DELETE,true,false,false,,1,ece0a8fc2aef9581217c832e25c532b5aed7327c,code,go,go,,,,,MEDIUM,go1/query.go,10
golang-sample,go1/query.go,query.go,go1/query.go@L13,13,13,"
select CFN1,CA1
,CA2,CA3,CA4,DEALNO,PS_1
,SECID,ISSUER,DEALDATE,SETTDATE
,IPAYDATE,MDATE,COUPRATE_8,CCY
,QTY,PRICE_8,YIELD_8,COSTAMT
,PURCHINTAMT,BROKFEECCY,VATAMT
,WHTAMT,SETTCCY,SETTAMT,C1_1
,C2_1,ST1,ST2,ST3,ST4,C1_2,C2_2
,BIC,SD,DESCR,BROKFEEAMT
,M_BANK,CONTRACT,X_M_NB
    from [[schema]].mk006a_confo ","select CFN1,CA1 ,CA2,CA3,CA4,DEALNO,PS_1 ,SECID,ISSUER,DEALDATE,SETTDATE ,IPAYDATE,MDATE,COUPRATE_8,CCY ,QTY,PRICE_8,YIELD_8,COSTAMT ,PURCHINTAMT,BROKFEECCY,VATAMT ,WHTAMT,SETTCCY,SETTAMT,C1_1 ,C2_1,ST1,ST2,ST3,ST4,C1_2,C2_2 ,BIC,SD,DESCR,BROKFEEAMT ,M_BANK,CONTRACT,X_M_NB from [[schema]].mk006a_confo",SELECT,false,true,false,,1,fd9583c758cfc99a8e13208a30a2d94510709bcf,code,go,go,go1/query.go||go@13,dynamic object name; template placeholder,,,LOW,go1/query.go,13
golang-sample,go1/query.go,query.go,go1/query.go@L25,25,25,"
SELECT CFN1,CA1,CA2,CA3,CA4
,DEALNO,PS_1,SECID,DESCR,ISSUER
,DEALDATE,SETTDATE,IPAYDATE,MDATE,COUPRATE_8
,CCY,QTY,PRICE_8,YIELD_8,COSTAMT
,PURCHINTAMT,BROKFEECCY,BROKFEEAMT,VATAMT,WHTAMT
,SETTCCY,SETTAMT,C1_1,C2_1,ST1
,ST2,ST3,ST4,C1_2,C2_2
,BIC,SD,M_BANK,CONTRACT,X_M_NB 
FROM [[schema]].MK005A_CONFO","SELECT CFN1,CA1,CA2,CA3,CA4 ,DEALNO,PS_1,SECID,DESCR,ISSUER ,DEALDATE,SETTDATE,IPAYDATE,MDATE,COUPRATE_8 ,CCY,QTY,PRICE_8,YIELD_8,COSTAMT ,PURCHINTAMT,BROKFEECCY,BROKFEEAMT,VATAMT,WHTAMT ,SETTCCY,SETTAMT,C1_1,C2_1,ST1 ,ST2,ST3,ST4,C1_2,C2_2 ,BIC,SD,M_BANK,CONTRACT,X_M_NB FROM [[schema]].MK005A_CONFO",SELECT,false,true,false,,1,0989923441770dc59988eda8b3a759b568d62687,code,go,go,go1/query.go||go@25,dynamic object name; template placeholder,,,LOW,go1/query.go,25
golang-sample,go1/query.go,query.go,go1/query.go@L36,36,36,"
INSERT INTO SQL_REPLICATE.dbo.confomk006_a (
CFN1,CA1,CA2,CA3,CA4,
DEALNO,PS_1,SECID,ISSUER,DEALDATE,
SETTDATE,IPAYDATE,MDATE,COUPRATE_8,CCY
,QTY,PRICE_8,YIELD_8,COSTAMT,PURCHINTAMT,
BROKFEECCY,VATAMT,WHTAMT,SETTCCY,SETTAMT,
C1_1,C2_1,ST1,ST2,ST3,
ST4,C1_2,C2_2,BIC,SD,
ProcessDate,DESCR,BROKFEEAMT,M_BANK,CONTRACT,
X_M_NB )
values (:CFN1,:CA1,:CA2,:CA3,:CA4,
:DEALNO,:PS_1,:SECID,:ISSUER,:DEALDATE,
:SETTDATE,:IPAYDATE,:MDATE,:COUPRATE_8,:CCY
,:QTY,:PRICE_8,:YIELD_8,:COSTAMT,:PURCHINTAMT,
:BROKFEECCY,:VATAMT,:WHTAMT,:SETTCCY,:SETTAMT,
:C1_1,:C2_1,:ST1,:ST2,:ST3,
:ST4,:C1_2,:C2_2,:BIC,:SD,
:ProcessDate,:DESCR,:BROKFEEAMT,:M_BANK,:CONTRACT,
:X_M_NB )
","INSERT INTO SQL_REPLICATE.dbo.confomk006_a ( CFN1,CA1,CA2,CA3,CA4, DEALNO,PS_1,SECID,ISSUER,DEALDATE, SETTDATE,IPAYDATE,MDATE,COUPRATE_8,CCY ,QTY,PRICE_8,YIELD_8,COSTAMT,PURCHINTAMT, BROKFEECCY,VATAMT,WHTAMT,SETTCCY,SETTAMT, C1_1,C2_1,ST1,ST2,ST3, ST4,C1_2,C2_2,BIC,SD, ProcessDate,DESCR,BROKFEEAMT,M_BANK,CONTRACT, X_M_NB ) values (:CFN1,:CA1,:CA2,:CA3,:CA4, :DEALNO,:PS_1,:SECID,:ISSUER,:DEALDATE, :SETTDATE,:IPAYDATE,:MDATE,:COUPRATE_8,:CCY ,:QTY,:PRICE_8,:YIELD_8,:COSTAMT,:PURCHINTAMT, :BROKFEECCY,:VATAMT,:WHTAMT,:SETTCCY,:SETTAMT, :C1_1,:C2_1,:ST1,:ST2,:ST3, :ST4,:C1_2,:C2_2,:BIC,:SD, :ProcessDate,:DESCR,:BROKFEEAMT,:M_BANK,:CONTRACT, :X_M_NB )",INSERT,true,false,true,SQL_REPLICATE,1,c93feaf2a4b54eb5038e371932f5075bcdcf161b,code,go,go,,,,,HIGH,go1/query.go,36
golang-sample,go1/query.go,query.go,go1/query.go@L58,58,58,"
INSERT INTO SQL_REPLICATE.dbo.confomk005_a (
CFN1,CA1,CA2,CA3,CA4,
DEALNO,PS_1,SECID,ISSUER,DEALDATE,
SETTDATE,IPAYDATE,MDATE,COUPRATE_8,CCY
,QTY,PRICE_8,YIELD_8,COSTAMT,PURCHINTAMT,
BROKFEECCY,VATAMT,WHTAMT,SETTCCY,SETTAMT,
C1_1,C2_1,ST1,ST2,ST3,
ST4,C1_2,C2_2,BIC,SD,
ProcessDate,DESCR,BROKFEEAMT,M_BANK,CONTRACT,
X_M_NB )
values (:CFN1,:CA1,:CA2,:CA3,:CA4,
:DEALNO,:PS_1,:SECID,:ISSUER,:DEALDATE,
:SETTDATE,:IPAYDATE,:MDATE,:COUPRATE_8,:CCY
,:QTY,:PRICE_8,:YIELD_8,:COSTAMT,:PURCHINTAMT,
:BROKFEECCY,:VATAMT,:WHTAMT,:SETTCCY,:SETTAMT,
:C1_1,:C2_1,:ST1,:ST2,:ST3,
:ST4,:C1_2,:C2_2,:BIC,:SD,
:ProcessDate,:DESCR,:BROKFEEAMT,:M_BANK,:CONTRACT,
:X_M_NB )
","INSERT INTO SQL_REPLICATE.dbo.confomk005_a ( CFN1,CA1,CA2,CA3,CA4, DEALNO,PS_1,SECID,ISSUER,DEALDATE, SETTDATE,IPAYDATE,MDATE,COUPRATE_8,CCY ,QTY,PRICE_8,YIELD_8,COSTAMT,PURCHINTAMT, BROKFEECCY,VATAMT,WHTAMT,SETTCCY,SETTAMT, C1_1,C2_1,ST1,ST2,ST3, ST4,C1_2,C2_2,BIC,SD, ProcessDate,DESCR,BROKFEEAMT,M_BANK,CONTRACT, X_M_NB ) values (:CFN1,:CA1,:CA2,:CA3,:CA4, :DEALNO,:PS_1,:SECID,:ISSUER,:DEALDATE, :SETTDATE,:IPAYDATE,:MDATE,:COUPRATE_8,:CCY ,:QTY,:PRICE_8,:YIELD_8,:COSTAMT,:PURCHINTAMT, :BROKFEECCY,:VATAMT,:WHTAMT,:SETTCCY,:SETTAMT, :C1_1,:C2_1,:ST1,:ST2,:ST3, :ST4,:C1_2,:C2_2,:BIC,:SD, :ProcessDate,:DESCR,:BROKFEEAMT,:M_BANK,:CONTRACT, :X_M_NB )",INSERT,true,false,true,SQL_REPLICATE,1,5d4c3fc3bafa513bd8b3d94f81c70289ef3cb3fc,code,go,go,,,,,HIGH,go1/query.go,58
golang-sample,go1/query.go,query.go,go1/query.go@L80,80,80,"delete from mk005_a 
where convert(varchar(8),ProcessDate, 112) = convert(varchar(8),getdate(), 112)","delete from mk005_a where convert(varchar(8),ProcessDate, 112) = convert(varchar(8),getdate(), 112)",DELETE,true,false,false,,1,5991f767c6a54d39a62b8afd7af3bdd059d33d52,code,go,go,,,,,MEDIUM,go1/query.go,80
golang-sample,go1/query.go,query.go,go1/query.go@L82,82,82,"delete from mk006_a 
where convert(varchar(8),ProcessDate, 112) = convert(varchar(8),getdate(), 112)","delete from mk006_a where convert(varchar(8),ProcessDate, 112) = convert(varchar(8),getdate(), 112)",DELETE,true,false,false,,1,3af9c6394a39d7e394c32777071366cb64d41543,code,go,go,,,,,MEDIUM,go1/query.go,82
golang-sample,go1/query.go,query.go,go1/query.go@L85,85,85,"
select DEALNO,BRANCHTRANSACTION  ,BRANCHCOMPLETION
,USERCOMPLETION ,STATUSDOKUMEN ,TRANSACTIONDATE
,FLAGDETAIL,KODEISIN,NAMASSB
,KATEGORIPENGUKURAN,NOMINAL,TANGGALPEMBELIAN
,JUMLAHPEMBELIAN,NAMAPEMBELI,GOLONGANPEMBELI
,MATAUANG,CIFNO,JUMLAHPENJUALAN
,CONTRACT,X_M_NB FROM [[schema]].MK006_A","select DEALNO,BRANCHTRANSACTION ,BRANCHCOMPLETION ,USERCOMPLETION ,STATUSDOKUMEN ,TRANSACTIONDATE ,FLAGDETAIL,KODEISIN,NAMASSB ,KATEGORIPENGUKURAN,NOMINAL,TANGGALPEMBELIAN ,JUMLAHPEMBELIAN,NAMAPEMBELI,GOLONGANPEMBELI ,MATAUANG,CIFNO,JUMLAHPENJUALAN ,CONTRACT,X_M_NB FROM [[schema]].MK006_A",SELECT,false,true,false,,1,7bb6e2898075515c9ed8e60b58295d157e67ca88,code,go,go,go1/query.go||go@85,dynamic object name; template placeholder,,,LOW,go1/query.go,85
golang-sample,go1/query.go,query.go,go1/query.go@L94,94,94,"
select DEALNO ,BRANCHTRANSACTION ,BRANCHCOMPLETION
,USERCOMPLETION ,STATUSDOKUMEN ,TRANSACTIONDATE
,FLAGDETAIL ,KODEISIN ,NAMASSB
,JENISSSB ,KATEGORIPENGUKURAN ,NOMINAL
,GOLONGANPIHAKLAWAN  ,GOLONGANPENERBIT ,PERINGKATPENERBITSSB
,LEMBAGAPEMERINGKAT    ,MATAUANG ,SUKUBUNGA
,DURASI   ,TANGGALJATUHTEMPO     ,JENISBUNGA
,CIFNO    ,JUMLAH   ,NAMAPENJUAL
,CONTRACT ,X_M_NB
FROM [[schema]].MK005_A","select DEALNO ,BRANCHTRANSACTION ,BRANCHCOMPLETION ,USERCOMPLETION ,STATUSDOKUMEN ,TRANSACTIONDATE ,FLAGDETAIL ,KODEISIN ,NAMASSB ,JENISSSB ,KATEGORIPENGUKURAN ,NOMINAL ,GOLONGANPIHAKLAWAN ,GOLONGANPENERBIT ,PERINGKATPENERBITSSB ,LEMBAGAPEMERINGKAT ,MATAUANG ,SUKUBUNGA ,DURASI ,TANGGALJATUHTEMPO ,JENISBUNGA ,CIFNO ,JUMLAH ,NAMAPENJUAL ,CONTRACT ,X_M_NB FROM [[schema]].MK005_A",SELECT,false,true,false,,1,2776a233210d0baa64580f27ed4b6a2b80f0f216,code,go,go,go1/query.go||go@94,dynamic object name; template placeholder,,,LOW,go1/query.go,94
golang-sample,go1/query.go,query.go,go1/query.go@L106,106,106,"
INSERT INTO SQL_REPLICATE.dbo.mk006_a (
DealNo,BranchTransaction,BranchCompletion
,UserCompletion,StatusDokumen,TransactionDate
,ProcessDate,FlagDetail,KodeISIN
,NamaSSB,KategoriPengukuran,Nominal
,TanggalPembelian,JumlahPembelian,JumlahPenjualan
,NamaPembeli,GolonganPembeli
,MataUang,CIFNo,CONTRACT,X_M_NB)
VALUES (:DealNo,:BranchTransaction,:BranchCompletion
,:UserCompletion,:StatusDokumen,:TransactionDate
,:ProcessDate,:FlagDetail,:KodeISIN
,:NamaSSB,:KategoriPengukuran,:Nominal
,:TanggalPembelian,:JumlahPembelian,:JumlahPenjualan
,:NamaPembeli,:GolonganPembeli
,:MataUang,:CIFNo,:CONTRACT,:X_M_NB)
","INSERT INTO SQL_REPLICATE.dbo.mk006_a ( DealNo,BranchTransaction,BranchCompletion ,UserCompletion,StatusDokumen,TransactionDate ,ProcessDate,FlagDetail,KodeISIN ,NamaSSB,KategoriPengukuran,Nominal ,TanggalPembelian,JumlahPembelian,JumlahPenjualan ,NamaPembeli,GolonganPembeli ,MataUang,CIFNo,CONTRACT,X_M_NB) VALUES (:DealNo,:BranchTransaction,:BranchCompletion ,:UserCompletion,:StatusDokumen,:TransactionDate ,:ProcessDate,:FlagDetail,:KodeISIN ,:NamaSSB,:KategoriPengukuran,:Nominal ,:TanggalPembelian,:JumlahPembelian,:JumlahPenjualan ,:NamaPembeli,:GolonganPembeli ,:MataUang,:CIFNo,:CONTRACT,:X_M_NB)",INSERT,true,false,true,SQL_REPLICATE,1,8529b988ed270d33baf8655babb31d52dbff9063,code,go,go,,,,,HIGH,go1/query.go,106
golang-sample,go1/query.go,query.go,go1/query.go@L124,124,124,"
INSERT INTO SQL_REPLICATE.dbo.mk005_a (
DealNo,BranchTransaction,BranchCompletion,UserCompletion,StatusDokumen
,TransactionDate,ProcessDate,FlagDetail,KodeISIN,NamaSSB
,JenisSSB,KategoriPengukuran,Nominal,Jumlah,GolonganPihakLawan
,GolonganPenerbit,PeringkatPenerbitSSB,LembagaPemeringkat,MataUang,SukuBunga
,Durasi,TanggalJatuhTempo,JenisBunga,CIFNo,NamaPenjual
,CONTRACT,X_M_NB)
VALUES (:DealNo,:BranchTransaction,:BranchCompletion,:UserCompletion,:StatusDokumen
,:TransactionDate,:ProcessDate,:FlagDetail,:KodeISIN,:NamaSSB
,:JenisSSB,:KategoriPengukuran,:Nominal,:Jumlah,:GolonganPihakLawan
,:GolonganPenerbit,:PeringkatPenerbitSSB,:LembagaPemeringkat,:MataUang,:SukuBunga
,:Durasi,:TanggalJatuhTempo,:JenisBunga,:CIFNo,:NamaPenjual
,:CONTRACT,:X_M_NB)
","INSERT INTO SQL_REPLICATE.dbo.mk005_a ( DealNo,BranchTransaction,BranchCompletion,UserCompletion,StatusDokumen ,TransactionDate,ProcessDate,FlagDetail,KodeISIN,NamaSSB ,JenisSSB,KategoriPengukuran,Nominal,Jumlah,GolonganPihakLawan ,GolonganPenerbit,PeringkatPenerbitSSB,LembagaPemeringkat,MataUang,SukuBunga ,Durasi,TanggalJatuhTempo,JenisBunga,CIFNo,NamaPenjual ,CONTRACT,X_M_NB) VALUES (:DealNo,:BranchTransaction,:BranchCompletion,:UserCompletion,:StatusDokumen ,:TransactionDate,:ProcessDate,:FlagDetail,:KodeISIN,:NamaSSB ,:JenisSSB,:KategoriPengukuran,:Nominal,:Jumlah,:GolonganPihakLawan ,:GolonganPenerbit,:PeringkatPenerbitSSB,:LembagaPemeringkat,:MataUang,:SukuBunga ,:Durasi,:TanggalJatuhTempo,:JenisBunga,:CIFNo,:NamaPenjual ,:CONTRACT,:X_M_NB)",INSERT,true,false,true,SQL_REPLICATE,1,69e0b26fd420b6bbf9fca74e15f1f61c24e0dd97,code,go,go,,,,,HIGH,go1/query.go,124
golang-sample,go1/query.go,query.go,go1/query.go@L140,140,140,"
declare @dtToday varchar(8)
set @dtToday = convert(varchar(8), getdate(), 112)
select
isnull(CAST(
 STUFF((SELECT DISTINCT ',' + ('''' + CAST(NamaSSB AS VARCHAR(500)) + '''')
 FROM mk006_a
   WHERE convert(varchar(8), ProcessDate, 112) = @dtToday
   GROUP BY NamaSSB
   FOR XML PATH (''))
   , 1, 1, '') AS VARCHAR(8000)), '''''')  AS secid
","declare @dtToday varchar(8) set @dtToday = convert(varchar(8), getdate(), 112) select isnull(CAST( STUFF((SELECT DISTINCT ',' + ('''' + CAST(NamaSSB AS VARCHAR(500)) + '''') FROM mk006_a WHERE convert(varchar(8), ProcessDate, 112) = @dtToday GROUP BY NamaSSB FOR XML PATH ('')) , 1, 1, '') AS VARCHAR(8000)), '''''') AS secid",SELECT,false,false,false,,1,7f8c1bcbcafd8058df3c7325886d646aab09a30e,code,go,go,,,,,LOW,go1/query.go,140
golang-sample,go1/query.go,query.go,go1/query.go@L153,153,153,"
declare @dtToday varchar(8)
set @dtToday = convert(varchar(8),  getdate(), 112)
delete mk006_a_actuate
where convert(varchar(8), ProcessDate, 112) = @dtToday
","declare @dtToday varchar(8) set @dtToday = convert(varchar(8), getdate(), 112) delete mk006_a_actuate where convert(varchar(8), ProcessDate, 112) = @dtToday",DELETE,true,false,false,,1,02a5a6a3cb7ccdd2c5b0af63661205fb9c9c1949,code,go,go,,,,,MEDIUM,go1/query.go,153
golang-sample,go1/query.go,query.go,go1/query.go@L160,160,160,"
SELECT TRIM(SECID) as SECID, ABS(ROUND(SUM(BOOK_VALUE)/SUM(TDPRINTAMT), 17)) AS AVGPRICE
FROM [[schema]].BOND_JOURNAL a
where TRIM(SECID) IN ([[param]])
and TDPRINTAMT > 0
group by SECID
UNION
select TRIM(SECID) as SECID, ABS(ROUND(AVG(PRICE), 17)) AS AVGPRICE
from [[schema]].BOND_DETAIL where trim(SECID) not in (
select distinct trim(SECID) from [[schema]].BOND_JOURNAL where TDPRINTAMT > 0
)
and TRIM(SECID) IN ([[param]])
group by SECID
","SELECT TRIM(SECID) as SECID, ABS(ROUND(SUM(BOOK_VALUE)/SUM(TDPRINTAMT), 17)) AS AVGPRICE FROM [[schema]].BOND_JOURNAL a where TRIM(SECID) IN ([[param]]) and TDPRINTAMT > 0 group by SECID UNION select TRIM(SECID) as SECID, ABS(ROUND(AVG(PRICE), 17)) AS AVGPRICE from [[schema]].BOND_DETAIL where trim(SECID) not in ( select distinct trim(SECID) from [[schema]].BOND_JOURNAL where TDPRINTAMT > 0 ) and TRIM(SECID) IN ([[param]]) group by SECID",SELECT,false,true,false,,1,4fef1d702248e13c3ae0a6184db4516f47931f63,code,go,go,go1/query.go||go@160,dynamic object name; template placeholder,,,LOW,go1/query.go,160
golang-sample,go1/query.go,query.go,TRIM,174,174,"
INSERT INTO [dbo].[mk006_a_actuate] (secid,avg_price,ProcessDate)
SELECT ?,?,?
","INSERT INTO [dbo].[mk006_a_actuate] (secid,avg_price,ProcessDate) SELECT ?,?,?",INSERT,true,false,false,,1,1b9b4d6cd9afddcfe3be7e14a760f10cbbdc7d09,code,go,go,,,,,MEDIUM,go1/query.go,174
golang-sample,go1/source.go,source.go,ExecSPMurexMK,27,27,<dynamic-sql>,<dynamic-sql>,UNKNOWN,false,true,false,,1,829e30d2ed137a41defc3a465e6c3746bc753ccf,code,go,go,go1/source.go|ExecSPMurexMK|go@27,dynamic sql,db,,LOW,go1/source.go,0
golang-sample,go1/source.go,source.go,ExecuteSPMurexConfoMK,44,44,<dynamic-sql>,<dynamic-sql>,UNKNOWN,false,true,false,,1,829e30d2ed137a41defc3a465e6c3746bc753ccf,code,go,go,go1/source.go|ExecuteSPMurexConfoMK|go@44,dynamic sql,db,,LOW,go1/source.go,0
golang-sample,go1/source.go,source.go,GetMK005A,96,96,<dynamic-sql>,<dynamic-sql>,UNKNOWN,false,true,false,,1,829e30d2ed137a41defc3a465e6c3746bc753ccf,code,go,go,go1/source.go|GetMK005A|go@96,dynamic sql,db,,LOW,go1/source.go,0
golang-sample,go1/source.go,source.go,GetMK005AConfo,85,85,<dynamic-sql>,<dynamic-sql>,UNKNOWN,false,true,false,,1,829e30d2ed137a41defc3a465e6c3746bc753ccf,code,go,go,go1/source.go|GetMK005AConfo|go@85,dynamic sql,db,,LOW,go1/source.go,0
golang-sample,go1/source.go,source.go,GetMK006A,64,64,<dynamic-sql>,<dynamic-sql>,UNKNOWN,false,true,false,,1,829e30d2ed137a41defc3a465e6c3746bc753ccf,code,go,go,go1/source.go|GetMK006A|go@64,dynamic sql,db,,LOW,go1/source.go,0
golang-sample,go1/source.go,source.go,GetMK006AConfo,54,54,<dynamic-sql>,<dynamic-sql>,UNKNOWN,false,true,false,,1,829e30d2ed137a41defc3a465e6c3746bc753ccf,code,go,go,go1/source.go|GetMK006AConfo|go@54,dynamic sql,db,,LOW,go1/source.go,0
golang-sample,go1/source.go,source.go,GetMurexAvgPrice,74,74,<dynamic-sql>,<dynamic-sql>,UNKNOWN,false,true,false,,1,829e30d2ed137a41defc3a465e6c3746bc753ccf,code,go,go,go1/source.go|GetMurexAvgPrice|go@74,dynamic sql,db,,LOW,go1/source.go,0
golang-sample,go1/source.go,source.go,ValidateMKData,115,115,[dbo].[MKValidateData] ?,[dbo].[MKValidateData] ?,EXEC,true,false,false,,1,cfac7247a5fa57eb91826f292a7b1996e62814a7,code,go,go,,,db,,MEDIUM,go1/sp.go,19
golang-sample,go2/impl.go,impl.go,GetBIRates,37,37,"
	SELECT CurrencyCode, BIRate
	FROM dbo.SIBSCurrencyTable_TM
	WHERE (PBOId = 500)
","SELECT CurrencyCode, BIRate FROM dbo.SIBSCurrencyTable_TM WHERE (PBOId = 500)",SELECT,false,false,false,,1,8ff9f2c779e0acf909f7c4da8ccbd6b65f5f3308,code,go,go,,,s.db.ConnRead,,LOW,go2/query.go,17
golang-sample,go2/impl.go,impl.go,GetCFCOUN,33,33,"
	SELECT DISTINCT TRIM(CFCOUN)
	FROM dbo.CFMAST
	WHERE (CFCIF = ?)
",SELECT DISTINCT TRIM(CFCOUN) FROM dbo.CFMAST WHERE (CFCIF = ?),SELECT,false,false,false,,1,e51398b2f9391c84e50b1d6e4bb770e2c99ce9dc,code,go,go,,,s.db.ConnRead,,LOW,go2/query.go,11
golang-sample,go2/impl.go,impl.go,GetCurrWorkingDate,29,29,"
	SELECT TOP 1 current_working_date
	FROM dbo.control_table
",SELECT TOP 1 current_working_date FROM dbo.control_table,SELECT,false,false,false,,1,ec48f6a85bebfa68697cbf359591dc7236012989,code,go,go,,,s.db.ConnRead,,LOW,go2/query.go,6
golang-sample,go2/impl.go,impl.go,GetValasMappingParameter,55,55,"
		SELECT currency, buy_sell_code, product,
		product_category, transaction_limit_flag, transaction_limit_amount,
		monthly_limit_flag, monthly_limit_amount, lcs_flag, rate_currency,
		negara_mitra
		FROM dbo.valas_mapping_parameter
		WHERE  lcs_flag = 1
		AND transaction_limit_flag = 1
	","SELECT currency, buy_sell_code, product, product_category, transaction_limit_flag, transaction_limit_amount, monthly_limit_flag, monthly_limit_amount, lcs_flag, rate_currency, negara_mitra FROM dbo.valas_mapping_parameter WHERE lcs_flag = 1 AND transaction_limit_flag = 1",SELECT,false,false,false,,1,e673f0a9d52763876f737e32dede0c55ec92749e,code,go,go,,,c.db.ConnRead,,LOW,go2/impl.go,46
golang-sample,go2/impl.go,impl.go,GetVlsRate,72,72,"
		select Period, JPeriod, CurrencyCode, BiRateExchange
		USDRateExchange, JISDORRate, USDRateExcJisdor
		from dbo.VLSRate_TM
		where Period = ?
			","select Period, JPeriod, CurrencyCode, BiRateExchange USDRateExchange, JISDORRate, USDRateExcJisdor from dbo.VLSRate_TM where Period = ?",SELECT,false,false,false,,1,5844ac6a2912f2a4fb70ab7e121be2a3a291dc34,code,go,go,,,c.db.ConnRead,,LOW,go2/impl.go,64
golang-sample,go2/impl.go,impl.go,GetVlsTransaction,90,91,"
	SELECT src,dealno
		,customer_id,acc_id
		,trx_branch,trx_date
		,trx_datetime,currency_code
		,amount,rate
		,InUSD,SourceKey
		,JISDORRate,InUSDJISDOR
		,m_pl_key,NIKAgent
		,GuidProcess,m_pl_key1
		,lcs_flag,buy_sell_code
		,product,in_usd_before
		,in_usd_total
	FROM dbo.VLSTransactions_TR
	WHERE dealno IN (?)
","SELECT src,dealno ,customer_id,acc_id ,trx_branch,trx_date ,trx_datetime,currency_code ,amount,rate ,InUSD,SourceKey ,JISDORRate,InUSDJISDOR ,m_pl_key,NIKAgent ,GuidProcess,m_pl_key1 ,lcs_flag,buy_sell_code ,product,in_usd_before ,in_usd_total FROM dbo.VLSTransactions_TR WHERE dealno IN (?)",SELECT,false,false,false,,1,8f14f4ac358dcccf4763c1b2a94b4787ebd724dd,code,go,go,,,c.db.ConnRead,,LOW,go2/query.go,23
golang-sample,go2/impl.go,impl.go,GetVlsTransaction,100,101,"
	SELECT src,dealno
		,customer_id,acc_id
		,trx_branch,trx_date
		,trx_datetime,currency_code
		,amount,rate
		,InUSD,SourceKey
		,JISDORRate,InUSDJISDOR
		,m_pl_key,NIKAgent
		,GuidProcess,m_pl_key1
		,lcs_flag,buy_sell_code
		,product,in_usd_before
		,in_usd_total
	FROM dbo.VLSTransactionsToday_TR
	WHERE dealno IN (?)
","SELECT src,dealno ,customer_id,acc_id ,trx_branch,trx_date ,trx_datetime,currency_code ,amount,rate ,InUSD,SourceKey ,JISDORRate,InUSDJISDOR ,m_pl_key,NIKAgent ,GuidProcess,m_pl_key1 ,lcs_flag,buy_sell_code ,product,in_usd_before ,in_usd_total FROM dbo.VLSTransactionsToday_TR WHERE dealno IN (?)",SELECT,false,false,false,,1,15812541241712f68d875099dfea8528a3b6d2d9,code,go,go,,,c.db.ConnRead,,LOW,go2/query.go,39
golang-sample,go2/query.go,query.go,go2/query.go@L6,6,6,"
	SELECT TOP 1 current_working_date
	FROM dbo.control_table
",SELECT TOP 1 current_working_date FROM dbo.control_table,SELECT,false,false,false,,1,ec48f6a85bebfa68697cbf359591dc7236012989,code,go,go,,,,,LOW,go2/query.go,6
golang-sample,go2/query.go,query.go,go2/query.go@L11,11,11,"
	SELECT DISTINCT TRIM(CFCOUN)
	FROM dbo.CFMAST
	WHERE (CFCIF = ?)
",SELECT DISTINCT TRIM(CFCOUN) FROM dbo.CFMAST WHERE (CFCIF = ?),SELECT,false,false,false,,1,e51398b2f9391c84e50b1d6e4bb770e2c99ce9dc,code,go,go,,,,,LOW,go2/query.go,11
golang-sample,go2/query.go,query.go,TRIM,17,17,"
	SELECT CurrencyCode, BIRate
	FROM dbo.SIBSCurrencyTable_TM
	WHERE (PBOId = 500)
","SELECT CurrencyCode, BIRate FROM dbo.SIBSCurrencyTable_TM WHERE (PBOId = 500)",SELECT,false,false,false,,1,8ff9f2c779e0acf909f7c4da8ccbd6b65f5f3308,code,go,go,,,,,LOW,go2/query.go,17
golang-sample,go2/query.go,query.go,TRIM,23,23,"
	SELECT src,dealno
		,customer_id,acc_id
		,trx_branch,trx_date
		,trx_datetime,currency_code
		,amount,rate
		,InUSD,SourceKey
		,JISDORRate,InUSDJISDOR
		,m_pl_key,NIKAgent
		,GuidProcess,m_pl_key1
		,lcs_flag,buy_sell_code
		,product,in_usd_before
		,in_usd_total
	FROM dbo.VLSTransactions_TR
	WHERE dealno IN (?)
","SELECT src,dealno ,customer_id,acc_id ,trx_branch,trx_date ,trx_datetime,currency_code ,amount,rate ,InUSD,SourceKey ,JISDORRate,InUSDJISDOR ,m_pl_key,NIKAgent ,GuidProcess,m_pl_key1 ,lcs_flag,buy_sell_code ,product,in_usd_before ,in_usd_total FROM dbo.VLSTransactions_TR WHERE dealno IN (?)",SELECT,false,false,false,,1,8f14f4ac358dcccf4763c1b2a94b4787ebd724dd,code,go,go,,,,,LOW,go2/query.go,23
golang-sample,go2/query.go,query.go,go2/query.go@L39,39,39,"
	SELECT src,dealno
		,customer_id,acc_id
		,trx_branch,trx_date
		,trx_datetime,currency_code
		,amount,rate
		,InUSD,SourceKey
		,JISDORRate,InUSDJISDOR
		,m_pl_key,NIKAgent
		,GuidProcess,m_pl_key1
		,lcs_flag,buy_sell_code
		,product,in_usd_before
		,in_usd_total
	FROM dbo.VLSTransactionsToday_TR
	WHERE dealno IN (?)
","SELECT src,dealno ,customer_id,acc_id ,trx_branch,trx_date ,trx_datetime,currency_code ,amount,rate ,InUSD,SourceKey ,JISDORRate,InUSDJISDOR ,m_pl_key,NIKAgent ,GuidProcess,m_pl_key1 ,lcs_flag,buy_sell_code ,product,in_usd_before ,in_usd_total FROM dbo.VLSTransactionsToday_TR WHERE dealno IN (?)",SELECT,false,false,false,,1,15812541241712f68d875099dfea8528a3b6d2d9,code,go,go,,,,,LOW,go2/query.go,39
golang-sample,go3/aajiQueries.sql.go,aajiQueries.sql.go,go3/aajiQueries.sql.go@L16,16,16,"-- name: PopulateDataFromBancaNoAAUITMAndBancaNoAAUITM :many
select aj.NIK, aj.Nama, aj.JobTitle, aj.AAJI, aj.DateExpire, au.AAUI, au.DateExpire, aj.DateUpload, aj.NIKUpload 
from BancaNoAAJI_TM aj
left join BancaNoAAUI_TM au
on aj.NIK = au.NIK
WHERE  aj.NIK = @p1 OR @p2 IN ('D')
		and 
		(
			(aj.DateUpload  >= convert(varchar,@p3,112) 
				and aj.DateUpload < dateadd(dd,1,@p4)  )
			OR @p2 IN ('N') 
		)
UNION ALL
select au.NIK, au.Nama, au.JobTitle, aj.AAJI, aj.DateExpire, au.AAUI, au.DateExpire, au.DateUpload, au.NIKUpload 
from BancaNoAAUI_TM au
left join BancaNoAAJI_TM aj
on aj.NIK = au.NIK
where aj.NIK is null
	AND  au.NIK = @p1 OR @p2 IN ('D')
		and 
		(
			(au.DateUpload  >= convert(varchar,@p3,112) 
				and au.DateUpload < dateadd(dd,1,@p4)  )
			OR @p2 IN ('N') 
		)
","select aj.NIK, aj.Nama, aj.JobTitle, aj.AAJI, aj.DateExpire, au.AAUI, au.DateExpire, aj.DateUpload, aj.NIKUpload from BancaNoAAJI_TM aj left join BancaNoAAUI_TM au on aj.NIK = au.NIK WHERE aj.NIK = @p1 OR @p2 IN ('D') and ( (aj.DateUpload >= convert(varchar,@p3,112) and aj.DateUpload < dateadd(dd,1,@p4) ) OR @p2 IN ('N') ) UNION ALL select au.NIK, au.Nama, au.JobTitle, aj.AAJI, aj.DateExpire, au.AAUI, au.DateExpire, au.DateUpload, au.NIKUpload from BancaNoAAUI_TM au left join BancaNoAAJI_TM aj on aj.NIK = au.NIK where aj.NIK is null AND au.NIK = @p1 OR @p2 IN ('D') and ( (au.DateUpload >= convert(varchar,@p3,112) and au.DateUpload < dateadd(dd,1,@p4) ) OR @p2 IN ('N') )",SELECT,false,false,false,,2,cf22b07fa7b6a08ed378741ad716ad3cbd80e333,code,go,go,,,,,LOW,go3/aajiQueries.sql.go,16
golang-sample,go3/aajiQueries.sql.go,aajiQueries.sql.go,dateadd,100,100,"-- name: GetDataFromAAJITM :many
select aj.NIK, aj.Nama, aj.JobTitle, aj.AAJI, aj.DateExpire, 
(
    select top 1 au.AAUI from BancaNoAAUI_TM au where au.NIK = aj.NIK
	order by au.DateUpload desc
) as AAUI,
(
    select top 1 au.DateExpire from BancaNoAAUI_TM au where au.NIK = aj.NIK
	order by au.DateUpload desc
) as DateExpireAAUI, aj.DateUpload, aj.NIKUpload 
from BancaNoAAJI_TM aj order by NIK desc
","select aj.NIK, aj.Nama, aj.JobTitle, aj.AAJI, aj.DateExpire, ( select top 1 au.AAUI from BancaNoAAUI_TM au where au.NIK = aj.NIK order by au.DateUpload desc ) as AAUI, ( select top 1 au.DateExpire from BancaNoAAUI_TM au where au.NIK = aj.NIK order by au.DateUpload desc ) as DateExpireAAUI, aj.DateUpload, aj.NIKUpload from BancaNoAAJI_TM aj order by NIK desc",SELECT,false,false,false,,2,41a812fb9c3eb3d6aa3702815bb7fc8d118744c7,code,go,go,,,,,LOW,go3/aajiQueries.sql.go,100
golang-sample,go3/aajiQueries.sql.go,aajiQueries.sql.go,dateadd,158,158,"-- name: GetDataFromAAUITM :many
select au.NIK, au.Nama, au.JobTitle,
( 
    select top 1 aj.AAJI from BancaNoAAJI_TM aj where aj.NIK = au.NIK 
	order by aj.DateUpload desc
) as AAJI, 
(
    select top 1 aj.DateExpire from BancaNoAAJI_TM aj where aj.NIK = au.NIK 
	order by aj.DateUpload desc
) as DateExpireAAJI, au.AAUI, au.DateExpire, au.DateUpload, au.NIKUpload 
from BancaNoAAUI_TM au left join BancaNoAAJI_TM aj
on aj.NIK = au.NIK
where aj.NIK is null
","select au.NIK, au.Nama, au.JobTitle, ( select top 1 aj.AAJI from BancaNoAAJI_TM aj where aj.NIK = au.NIK order by aj.DateUpload desc ) as AAJI, ( select top 1 aj.DateExpire from BancaNoAAJI_TM aj where aj.NIK = au.NIK order by aj.DateUpload desc ) as DateExpireAAJI, au.AAUI, au.DateExpire, au.DateUpload, au.NIKUpload from BancaNoAAUI_TM au left join BancaNoAAJI_TM aj on aj.NIK = au.NIK where aj.NIK is null",SELECT,false,false,false,,2,72ddba4adcb68f8dcfc1051e3f587611813f41fd,code,go,go,,,,,LOW,go3/aajiQueries.sql.go,158
golang-sample,go3/aajiQueries.sql.go,aajiQueries.sql.go,dateadd,218,218,"-- name: DeleteBatchIdFromBancaMTranAAJIAAUITT :exec
delete from BancaMTranAAJIAAUI_TT where BatchId = @p1
",delete from BancaMTranAAJIAAUI_TT where BatchId = @p1,DELETE,true,false,false,,1,8594b37a90090ac9fe85b2a291a6b0de2d13af73,code,go,go,,,,,MEDIUM,go3/aajiQueries.sql.go,218
golang-sample,go3/aajiQueries.sql.go,aajiQueries.sql.go,dateadd,227,227,"-- name: CheckNIKIfNotRegisterOnPeopleSoftFromPSEmployeev :many
select EMPLID from PSEmployee_v where EMPLID = @p1
",select EMPLID from PSEmployee_v where EMPLID = @p1,SELECT,false,false,false,,1,4b9a303582b4b4c3d18e0003684205396626dc65,code,go,go,,,,,LOW,go3/aajiQueries.sql.go,227
golang-sample,go3/aajiQueries.sql.go,aajiQueries.sql.go,go3/aajiQueries.sql.go@L254,254,254,"-- name: CheckNIKIsRegisterFromBancaNoAAJITM :many
SELECT NIK from BancaNoAAUI_TM where NIK = @p1
",SELECT NIK from BancaNoAAUI_TM where NIK = @p1,SELECT,false,false,false,,1,fd1a1930e24a57581233cced7b600fb3a7532586,code,go,go,,,,,LOW,go3/aajiQueries.sql.go,254
golang-sample,go3/aajiQueries.sql.go,aajiQueries.sql.go,go3/aajiQueries.sql.go@L281,281,281,"-- name: CheckTransactionIsExistByNIKANDStatusFromBancaMTranAAJIAAUITT :many
select NIKSeller from BancaMTranAAJIAAUI_TT where NIKSeller = @p1 and Status = 0
",select NIKSeller from BancaMTranAAJIAAUI_TT where NIKSeller = @p1 and Status = 0,SELECT,false,false,false,,1,6a9b6cbbda4215209f8e66506e51c4599a944c83,code,go,go,,,,,LOW,go3/aajiQueries.sql.go,281
golang-sample,go3/aajiQueries.sql.go,aajiQueries.sql.go,go3/aajiQueries.sql.go@L308,308,308,"-- name: GetAAJIFromBancaMTranAAJIAAUITTByNIKANDStatus :many
select NIKSeller from BancaMTranAAJIAAUI_TT where AAJI = @p1 and NIKSeller != @p2 and Status = 0
",select NIKSeller from BancaMTranAAJIAAUI_TT where AAJI = @p1 and NIKSeller != @p2 and Status = 0,SELECT,false,false,false,,1,38b49f9e9e79067f1a6393fd7ddfa549edd71110,code,go,go,,,,,LOW,go3/aajiQueries.sql.go,308
golang-sample,go3/aajiQueries.sql.go,aajiQueries.sql.go,go3/aajiQueries.sql.go@L340,340,340,"-- name: GetAAUIFromBancaMTranAAJIAAUITTByNIKANDStatus :many
select NIKSeller from BancaMTranAAJIAAUI_TT where AAUI = @p1 and NIKSeller != @p2 and Status = 0
",select NIKSeller from BancaMTranAAJIAAUI_TT where AAUI = @p1 and NIKSeller != @p2 and Status = 0,SELECT,false,false,false,,1,1e9fc266b76447f90ff40fafeb8833fb11a623cf,code,go,go,,,,,LOW,go3/aajiQueries.sql.go,340
golang-sample,go3/aajiQueries.sql.go,aajiQueries.sql.go,go3/aajiQueries.sql.go@L372,372,372,"-- name: GetBancaNoAAJITMByDate :many
select aj.NIK, aj.Nama, aj.JobTitle, aj.AAJI, aj.DateExpire, au.AAUI, au.DateExpire, aj.DateUpload, aj.NIKUpload from BancaNoAAJI_TM aj
left join BancaNoAAUI_TM au ON aj.NIK = au.NIK where aj.DateUpload >= @p1 and aj.DateUpload <= @p2
order by  aj.NIK
","select aj.NIK, aj.Nama, aj.JobTitle, aj.AAJI, aj.DateExpire, au.AAUI, au.DateExpire, aj.DateUpload, aj.NIKUpload from BancaNoAAJI_TM aj left join BancaNoAAUI_TM au ON aj.NIK = au.NIK where aj.DateUpload >= @p1 and aj.DateUpload <= @p2 order by aj.NIK",SELECT,false,false,false,,2,358565cf171c294ee28871df70e810d17a108710,code,go,go,,,,,LOW,go3/aajiQueries.sql.go,372
golang-sample,go3/aajiQueries.sql.go,aajiQueries.sql.go,go3/aajiQueries.sql.go@L428,428,428,"-- name: GetBancaNoAAJITMByNIKDate :many
select aj.NIK, aj.Nama, aj.JobTitle, aj.AAJI, aj.DateExpire, au.AAUI, au.DateExpire, aj.DateUpload, aj.NIKUpload from BancaNoAAJI_TM aj
left join BancaNoAAUI_TM au ON aj.NIK = au.NIK where aj.DateUpload >= @p1 and aj.DateUpload <= @p2 and aj.NIK = @p3
order by aj.NIK
","select aj.NIK, aj.Nama, aj.JobTitle, aj.AAJI, aj.DateExpire, au.AAUI, au.DateExpire, aj.DateUpload, aj.NIKUpload from BancaNoAAJI_TM aj left join BancaNoAAUI_TM au ON aj.NIK = au.NIK where aj.DateUpload >= @p1 and aj.DateUpload <= @p2 and aj.NIK = @p3 order by aj.NIK",SELECT,false,false,false,,2,0cab116e21ae25f0b619e6c18a8a2abbf875d117,code,go,go,,,,,LOW,go3/aajiQueries.sql.go,428
golang-sample,go3/aajiQueries.sql.go,aajiQueries.sql.go,go3/aajiQueries.sql.go@L485,485,485,"-- name: GetLastInsertedBatchId :one
SELECT cast(max(BatchId) as int) as BatchId FROM BancaMTranAAJIAAUI_TT
",SELECT cast(max(BatchId) as int) as BatchId FROM BancaMTranAAJIAAUI_TT,EXEC,true,false,false,,1,021cb023b31036c7991162b665f49770ba018d0a,code,go,go,,,,,MEDIUM,go3/aajiQueries.sql.go,485
golang-sample,go3/aajiQueries.sql.go,aajiQueries.sql.go,go3/aajiQueries.sql.go@L496,496,496,"-- name: GetNIKFromBancaNoAAJITMByAAUIANDNIK :many
select au.NIK from BancaNoAAUI_TM au where au.AAUI = @p1 and au.NIK != @p2
",select au.NIK from BancaNoAAUI_TM au where au.AAUI = @p1 and au.NIK != @p2,SELECT,false,false,false,,1,cf88a0ebea8bf362757fa0bc3aaf9abd546c4d4a,code,go,go,,,,,LOW,go3/aajiQueries.sql.go,496
golang-sample,go3/aajiQueries.sql.go,aajiQueries.sql.go,go3/aajiQueries.sql.go@L528,528,528,"-- name: GetNIKFromBancaNoAAUITMByAAJIANDNIK :many
select aj.NIK from BancaNoAAJI_TM aj where aj.AAJI = @p1 and aj.NIK != @p2
",select aj.NIK from BancaNoAAJI_TM aj where aj.AAJI = @p1 and aj.NIK != @p2,SELECT,false,false,false,,1,a6de6b7a9e8e75b86bed7c4064b9d637f5a30c5e,code,go,go,,,,,LOW,go3/aajiQueries.sql.go,528
golang-sample,go3/aajiQueries.sql.go,aajiQueries.sql.go,go3/aajiQueries.sql.go@L560,560,560,"-- name: GetNameAndJobTitleByNIK :many
select NAME, JOBTITLE from SQL_Employee.dbo.PSEmployee_v where EMPLID = @p1 AND EMPL_RCD = 0
","select NAME, JOBTITLE from SQL_Employee.dbo.PSEmployee_v where EMPLID = @p1 AND EMPL_RCD = 0",SELECT,false,false,true,SQL_Employee,1,f3860bd8363f4c1b31aa319f192df22b84c49621,code,go,go,,,,,LOW,go3/aajiQueries.sql.go,560
golang-sample,go3/aajiQueries.sql.go,aajiQueries.sql.go,go3/aajiQueries.sql.go@L592,592,592,"-- name: InsertBancaMTranAAJIAAUITT :exec
insert into BancaMTranAAJIAAUI_TT (NIKSeller, InputDate, AAJI, AAJIExpireDate, AAUI, AAUIExpireDate, NIKInputer, Status, ActionType, DeletedXML)    
select @p1, @p2, @p3, @p4, @p5, @p6, @p7, 0, @p8, @p9
","insert into BancaMTranAAJIAAUI_TT (NIKSeller, InputDate, AAJI, AAJIExpireDate, AAUI, AAUIExpireDate, NIKInputer, Status, ActionType, DeletedXML) select @p1, @p2, @p3, @p4, @p5, @p6, @p7, 0, @p8, @p9",EXEC,true,false,false,,1,68bbb2b9093185475eae1ddf3089713754aa786c,code,go,go,,,,,MEDIUM,go3/aajiQueries.sql.go,592
golang-sample,go3/aajiQueries.sql.go,aajiQueries.sql.go,BancaMTranAAJIAAUI_TT,624,624,"-- name: UpdateBatchCode :exec
UPDATE BancaMTranAAJIAAUI_TT
SET BatchCode = 'M' + cast (BatchId as varchar(50)) where BatchId = @p1
",UPDATE BancaMTranAAJIAAUI_TT SET BatchCode = 'M' + cast (BatchId as varchar(50)) where BatchId = @p1,UPDATE,true,false,false,,1,40e6cee30f138879b9bbf765034eecbe38509830,code,go,go,,,,,MEDIUM,go3/aajiQueries.sql.go,624
golang-sample,go3/aajiQueries.sql.go,aajiQueries.sql.go,CheckNIKIfNotRegisterOnPeopleSoftFromPSEmployeev,232,232,"-- name: CheckNIKIfNotRegisterOnPeopleSoftFromPSEmployeev :many
select EMPLID from PSEmployee_v where EMPLID = @p1
",select EMPLID from PSEmployee_v where EMPLID = @p1,SELECT,false,false,false,,1,4b9a303582b4b4c3d18e0003684205396626dc65,code,go,go,,,ctx,,LOW,go3/aajiQueries.sql.go,227
golang-sample,go3/aajiQueries.sql.go,aajiQueries.sql.go,CheckNIKIsRegisterFromBancaNoAAJITM,259,259,"-- name: CheckNIKIsRegisterFromBancaNoAAJITM :many
SELECT NIK from BancaNoAAUI_TM where NIK = @p1
",SELECT NIK from BancaNoAAUI_TM where NIK = @p1,SELECT,false,false,false,,1,fd1a1930e24a57581233cced7b600fb3a7532586,code,go,go,,,ctx,,LOW,go3/aajiQueries.sql.go,254
golang-sample,go3/aajiQueries.sql.go,aajiQueries.sql.go,CheckTransactionIsExistByNIKANDStatusFromBancaMTranAAJIAAUITT,286,286,"-- name: CheckTransactionIsExistByNIKANDStatusFromBancaMTranAAJIAAUITT :many
select NIKSeller from BancaMTranAAJIAAUI_TT where NIKSeller = @p1 and Status = 0
",select NIKSeller from BancaMTranAAJIAAUI_TT where NIKSeller = @p1 and Status = 0,SELECT,false,false,false,,1,6a9b6cbbda4215209f8e66506e51c4599a944c83,code,go,go,,,ctx,,LOW,go3/aajiQueries.sql.go,281
golang-sample,go3/aajiQueries.sql.go,aajiQueries.sql.go,DeleteBatchIdFromBancaMTranAAJIAAUITT,223,223,"-- name: DeleteBatchIdFromBancaMTranAAJIAAUITT :exec
delete from BancaMTranAAJIAAUI_TT where BatchId = @p1
",delete from BancaMTranAAJIAAUI_TT where BatchId = @p1,DELETE,true,false,false,,1,8594b37a90090ac9fe85b2a291a6b0de2d13af73,code,go,go,,,ctx,,MEDIUM,go3/aajiQueries.sql.go,218
golang-sample,go3/aajiQueries.sql.go,aajiQueries.sql.go,GetAAJIFromBancaMTranAAJIAAUITTByNIKANDStatus,318,318,"-- name: GetAAJIFromBancaMTranAAJIAAUITTByNIKANDStatus :many
select NIKSeller from BancaMTranAAJIAAUI_TT where AAJI = @p1 and NIKSeller != @p2 and Status = 0
",select NIKSeller from BancaMTranAAJIAAUI_TT where AAJI = @p1 and NIKSeller != @p2 and Status = 0,SELECT,false,false,false,,1,38b49f9e9e79067f1a6393fd7ddfa549edd71110,code,go,go,,,ctx,,LOW,go3/aajiQueries.sql.go,308
golang-sample,go3/aajiQueries.sql.go,aajiQueries.sql.go,GetAAUIFromBancaMTranAAJIAAUITTByNIKANDStatus,350,350,"-- name: GetAAUIFromBancaMTranAAJIAAUITTByNIKANDStatus :many
select NIKSeller from BancaMTranAAJIAAUI_TT where AAUI = @p1 and NIKSeller != @p2 and Status = 0
",select NIKSeller from BancaMTranAAJIAAUI_TT where AAUI = @p1 and NIKSeller != @p2 and Status = 0,SELECT,false,false,false,,1,1e9fc266b76447f90ff40fafeb8833fb11a623cf,code,go,go,,,ctx,,LOW,go3/aajiQueries.sql.go,340
golang-sample,go3/aajiQueries.sql.go,aajiQueries.sql.go,GetBancaNoAAJITMByDate,396,396,"-- name: GetBancaNoAAJITMByDate :many
select aj.NIK, aj.Nama, aj.JobTitle, aj.AAJI, aj.DateExpire, au.AAUI, au.DateExpire, aj.DateUpload, aj.NIKUpload from BancaNoAAJI_TM aj
left join BancaNoAAUI_TM au ON aj.NIK = au.NIK where aj.DateUpload >= @p1 and aj.DateUpload <= @p2
order by  aj.NIK
","select aj.NIK, aj.Nama, aj.JobTitle, aj.AAJI, aj.DateExpire, au.AAUI, au.DateExpire, aj.DateUpload, aj.NIKUpload from BancaNoAAJI_TM aj left join BancaNoAAUI_TM au ON aj.NIK = au.NIK where aj.DateUpload >= @p1 and aj.DateUpload <= @p2 order by aj.NIK",SELECT,false,false,false,,2,358565cf171c294ee28871df70e810d17a108710,code,go,go,,,ctx,,LOW,go3/aajiQueries.sql.go,372
golang-sample,go3/aajiQueries.sql.go,aajiQueries.sql.go,GetBancaNoAAJITMByNIKDate,453,453,"-- name: GetBancaNoAAJITMByNIKDate :many
select aj.NIK, aj.Nama, aj.JobTitle, aj.AAJI, aj.DateExpire, au.AAUI, au.DateExpire, aj.DateUpload, aj.NIKUpload from BancaNoAAJI_TM aj
left join BancaNoAAUI_TM au ON aj.NIK = au.NIK where aj.DateUpload >= @p1 and aj.DateUpload <= @p2 and aj.NIK = @p3
order by aj.NIK
","select aj.NIK, aj.Nama, aj.JobTitle, aj.AAJI, aj.DateExpire, au.AAUI, au.DateExpire, aj.DateUpload, aj.NIKUpload from BancaNoAAJI_TM aj left join BancaNoAAUI_TM au ON aj.NIK = au.NIK where aj.DateUpload >= @p1 and aj.DateUpload <= @p2 and aj.NIK = @p3 order by aj.NIK",SELECT,false,false,false,,2,0cab116e21ae25f0b619e6c18a8a2abbf875d117,code,go,go,,,ctx,,LOW,go3/aajiQueries.sql.go,428
golang-sample,go3/aajiQueries.sql.go,aajiQueries.sql.go,GetDataFromAAJITM,126,126,"-- name: GetDataFromAAJITM :many
select aj.NIK, aj.Nama, aj.JobTitle, aj.AAJI, aj.DateExpire, 
(
    select top 1 au.AAUI from BancaNoAAUI_TM au where au.NIK = aj.NIK
	order by au.DateUpload desc
) as AAUI,
(
    select top 1 au.DateExpire from BancaNoAAUI_TM au where au.NIK = aj.NIK
	order by au.DateUpload desc
) as DateExpireAAUI, aj.DateUpload, aj.NIKUpload 
from BancaNoAAJI_TM aj order by NIK desc
","select aj.NIK, aj.Nama, aj.JobTitle, aj.AAJI, aj.DateExpire, ( select top 1 au.AAUI from BancaNoAAUI_TM au where au.NIK = aj.NIK order by au.DateUpload desc ) as AAUI, ( select top 1 au.DateExpire from BancaNoAAUI_TM au where au.NIK = aj.NIK order by au.DateUpload desc ) as DateExpireAAUI, aj.DateUpload, aj.NIKUpload from BancaNoAAJI_TM aj order by NIK desc",SELECT,false,false,false,,2,41a812fb9c3eb3d6aa3702815bb7fc8d118744c7,code,go,go,,,ctx,,LOW,go3/aajiQueries.sql.go,100
golang-sample,go3/aajiQueries.sql.go,aajiQueries.sql.go,GetDataFromAAUITM,186,186,"-- name: GetDataFromAAUITM :many
select au.NIK, au.Nama, au.JobTitle,
( 
    select top 1 aj.AAJI from BancaNoAAJI_TM aj where aj.NIK = au.NIK 
	order by aj.DateUpload desc
) as AAJI, 
(
    select top 1 aj.DateExpire from BancaNoAAJI_TM aj where aj.NIK = au.NIK 
	order by aj.DateUpload desc
) as DateExpireAAJI, au.AAUI, au.DateExpire, au.DateUpload, au.NIKUpload 
from BancaNoAAUI_TM au left join BancaNoAAJI_TM aj
on aj.NIK = au.NIK
where aj.NIK is null
","select au.NIK, au.Nama, au.JobTitle, ( select top 1 aj.AAJI from BancaNoAAJI_TM aj where aj.NIK = au.NIK order by aj.DateUpload desc ) as AAJI, ( select top 1 aj.DateExpire from BancaNoAAJI_TM aj where aj.NIK = au.NIK order by aj.DateUpload desc ) as DateExpireAAJI, au.AAUI, au.DateExpire, au.DateUpload, au.NIKUpload from BancaNoAAUI_TM au left join BancaNoAAJI_TM aj on aj.NIK = au.NIK where aj.NIK is null",SELECT,false,false,false,,2,72ddba4adcb68f8dcfc1051e3f587611813f41fd,code,go,go,,,ctx,,LOW,go3/aajiQueries.sql.go,158
golang-sample,go3/aajiQueries.sql.go,aajiQueries.sql.go,GetLastInsertedBatchId,490,490,"-- name: GetLastInsertedBatchId :one
SELECT cast(max(BatchId) as int) as BatchId FROM BancaMTranAAJIAAUI_TT
",SELECT cast(max(BatchId) as int) as BatchId FROM BancaMTranAAJIAAUI_TT,EXEC,true,false,false,,1,021cb023b31036c7991162b665f49770ba018d0a,code,go,go,,,ctx,,MEDIUM,go3/aajiQueries.sql.go,485
golang-sample,go3/aajiQueries.sql.go,aajiQueries.sql.go,GetNIKFromBancaNoAAJITMByAAUIANDNIK,506,506,"-- name: GetNIKFromBancaNoAAJITMByAAUIANDNIK :many
select au.NIK from BancaNoAAUI_TM au where au.AAUI = @p1 and au.NIK != @p2
",select au.NIK from BancaNoAAUI_TM au where au.AAUI = @p1 and au.NIK != @p2,SELECT,false,false,false,,1,cf88a0ebea8bf362757fa0bc3aaf9abd546c4d4a,code,go,go,,,ctx,,LOW,go3/aajiQueries.sql.go,496
golang-sample,go3/aajiQueries.sql.go,aajiQueries.sql.go,GetNIKFromBancaNoAAUITMByAAJIANDNIK,538,538,"-- name: GetNIKFromBancaNoAAUITMByAAJIANDNIK :many
select aj.NIK from BancaNoAAJI_TM aj where aj.AAJI = @p1 and aj.NIK != @p2
",select aj.NIK from BancaNoAAJI_TM aj where aj.AAJI = @p1 and aj.NIK != @p2,SELECT,false,false,false,,1,a6de6b7a9e8e75b86bed7c4064b9d637f5a30c5e,code,go,go,,,ctx,,LOW,go3/aajiQueries.sql.go,528
golang-sample,go3/aajiQueries.sql.go,aajiQueries.sql.go,GetNameAndJobTitleByNIK,570,570,"-- name: GetNameAndJobTitleByNIK :many
select NAME, JOBTITLE from SQL_Employee.dbo.PSEmployee_v where EMPLID = @p1 AND EMPL_RCD = 0
","select NAME, JOBTITLE from SQL_Employee.dbo.PSEmployee_v where EMPLID = @p1 AND EMPL_RCD = 0",SELECT,false,false,true,SQL_Employee,1,f3860bd8363f4c1b31aa319f192df22b84c49621,code,go,go,,,ctx,,LOW,go3/aajiQueries.sql.go,560
golang-sample,go3/aajiQueries.sql.go,aajiQueries.sql.go,InsertBancaMTranAAJIAAUITT,610,620,"-- name: InsertBancaMTranAAJIAAUITT :exec
insert into BancaMTranAAJIAAUI_TT (NIKSeller, InputDate, AAJI, AAJIExpireDate, AAUI, AAUIExpireDate, NIKInputer, Status, ActionType, DeletedXML)    
select @p1, @p2, @p3, @p4, @p5, @p6, @p7, 0, @p8, @p9
","insert into BancaMTranAAJIAAUI_TT (NIKSeller, InputDate, AAJI, AAJIExpireDate, AAUI, AAUIExpireDate, NIKInputer, Status, ActionType, DeletedXML) select @p1, @p2, @p3, @p4, @p5, @p6, @p7, 0, @p8, @p9",EXEC,true,false,false,,1,68bbb2b9093185475eae1ddf3089713754aa786c,code,go,go,,,ctx,,MEDIUM,go3/aajiQueries.sql.go,592
golang-sample,go3/aajiQueries.sql.go,aajiQueries.sql.go,PopulateDataFromBancaNoAAUITMAndBancaNoAAUITM,63,68,"-- name: PopulateDataFromBancaNoAAUITMAndBancaNoAAUITM :many
select aj.NIK, aj.Nama, aj.JobTitle, aj.AAJI, aj.DateExpire, au.AAUI, au.DateExpire, aj.DateUpload, aj.NIKUpload 
from BancaNoAAJI_TM aj
left join BancaNoAAUI_TM au
on aj.NIK = au.NIK
WHERE  aj.NIK = @p1 OR @p2 IN ('D')
		and 
		(
			(aj.DateUpload  >= convert(varchar,@p3,112) 
				and aj.DateUpload < dateadd(dd,1,@p4)  )
			OR @p2 IN ('N') 
		)
UNION ALL
select au.NIK, au.Nama, au.JobTitle, aj.AAJI, aj.DateExpire, au.AAUI, au.DateExpire, au.DateUpload, au.NIKUpload 
from BancaNoAAUI_TM au
left join BancaNoAAJI_TM aj
on aj.NIK = au.NIK
where aj.NIK is null
	AND  au.NIK = @p1 OR @p2 IN ('D')
		and 
		(
			(au.DateUpload  >= convert(varchar,@p3,112) 
				and au.DateUpload < dateadd(dd,1,@p4)  )
			OR @p2 IN ('N') 
		)
","select aj.NIK, aj.Nama, aj.JobTitle, aj.AAJI, aj.DateExpire, au.AAUI, au.DateExpire, aj.DateUpload, aj.NIKUpload from BancaNoAAJI_TM aj left join BancaNoAAUI_TM au on aj.NIK = au.NIK WHERE aj.NIK = @p1 OR @p2 IN ('D') and ( (aj.DateUpload >= convert(varchar,@p3,112) and aj.DateUpload < dateadd(dd,1,@p4) ) OR @p2 IN ('N') ) UNION ALL select au.NIK, au.Nama, au.JobTitle, aj.AAJI, aj.DateExpire, au.AAUI, au.DateExpire, au.DateUpload, au.NIKUpload from BancaNoAAUI_TM au left join BancaNoAAJI_TM aj on aj.NIK = au.NIK where aj.NIK is null AND au.NIK = @p1 OR @p2 IN ('D') and ( (au.DateUpload >= convert(varchar,@p3,112) and au.DateUpload < dateadd(dd,1,@p4) ) OR @p2 IN ('N') )",SELECT,false,false,false,,2,cf22b07fa7b6a08ed378741ad716ad3cbd80e333,code,go,go,,,ctx,,LOW,go3/aajiQueries.sql.go,16
golang-sample,go3/aajiQueries.sql.go,aajiQueries.sql.go,UpdateBatchCode,630,630,"-- name: UpdateBatchCode :exec
UPDATE BancaMTranAAJIAAUI_TT
SET BatchCode = 'M' + cast (BatchId as varchar(50)) where BatchId = @p1
",UPDATE BancaMTranAAJIAAUI_TT SET BatchCode = 'M' + cast (BatchId as varchar(50)) where BatchId = @p1,UPDATE,true,false,false,,1,40e6cee30f138879b9bbf765034eecbe38509830,code,go,go,,,ctx,,MEDIUM,go3/aajiQueries.sql.go,624
golang-sample,go3/bancaQueries_manual.sql.go,bancaQueries_manual.sql.go,go3/bancaQueries_manual.sql.go@L16,16,16,"INSERT INTO BancaDelete_TT (Jenis, UserInput, StatusOtor, ActionType) OUTPUT inserted.BatchId, inserted.Jenis , inserted.UserInput, inserted.UserOtor , inserted.DateOtor, inserted.StatusOtor , inserted.ActionType INTO @InsertedData VALUES(@p1, @p2, @p3, @p4) SELECT BatchId, Jenis, UserInput , UserOtor, DateOtor, StatusOtor,ActionType FROM @InsertedData","INSERT INTO BancaDelete_TT (Jenis, UserInput, StatusOtor, ActionType) OUTPUT inserted.BatchId, inserted.Jenis , inserted.UserInput, inserted.UserOtor , inserted.DateOtor, inserted.StatusOtor , inserted.ActionType INTO @InsertedData VALUES(@p1, @p2, @p3, @p4) SELECT BatchId, Jenis, UserInput , UserOtor, DateOtor, StatusOtor,ActionType FROM @InsertedData",INSERT,true,false,false,,11,5a3b62469c2d3cf76119b448301eccb1cac7cabf,code,go,go,,,,,MEDIUM,go3/bancaQueries_manual.sql.go,16
golang-sample,go3/bancaQueries_manual.sql.go,bancaQueries_manual.sql.go,go3/bancaQueries_manual.sql.go@L16,16,16,"DECLARE @InsertedData TABLE (BatchId int , Jenis tinyint , UserInput int , UserOtor int , DateOtor datetime , StatusOtor tinyint , ActionType varchar(10) )","DECLARE @InsertedData TABLE (BatchId int , Jenis tinyint , UserInput int , UserOtor int , DateOtor datetime , StatusOtor tinyint , ActionType varchar(10) )",UNKNOWN,false,false,false,,0,7583cfb6b3ec36b96ce533f711de192b9f00c112,code,go,go,,,,,LOW,go3/bancaQueries_manual.sql.go,16
golang-sample,go3/bancaQueries_manual.sql.go,bancaQueries_manual.sql.go,go3/bancaQueries_manual.sql.go@L67,67,67,"-- name: GetBancaControlTableTM :one
	DECLARE  @outPreviousDate			smalldatetime
			,@outCurrentDate			smalldatetime
			,@outNextDate				smalldatetime
			,@outBeginOfDay				bit
			,@outEndOfDay				bit
			,@outLastBatchId			bigint
			,@outBatchProcessBit		bit
			,@outGNCAccountNoIDR		varchar(20)
			,@outGLAccountFeeAccruedIDR	varchar(20)
			,@outGLOwnerFee				varchar(20)
			,@outOwnerBranch			int
			,@outGNCPerantaraTravelex	varchar(20)
			,@outIsAAJIMandatory		bit
			,@outIsAAUIMandatory		bit
			,@outOnOffBancaGW			bit
			,@outOnOffBMWGLOLLog		bit
			,@outGLFeeValas				varchar(20)
			,@outGLFeeValasBranch		varchar(20)

	UPDATE BancaControlTable_TM  
	SET		@outPreviousDate			= PreviousDate			
		,@outCurrentDate				= CurrentDate			
		,@outNextDate				= NextDate				
		,@outBeginOfDay				= BeginOfDay				
		,@outEndOfDay				= EndOfDay				
		,@outLastBatchId				= LastBatchId			
		,@outBatchProcessBit			= BatchProcessBit		
		,@outGNCAccountNoIDR			= GNCAccountNoIDR		
		,@outGLAccountFeeAccruedIDR	= GLAccountFeeAccruedIDR	
		,@outGLOwnerFee				= GLOwnerFee				
		,@outOwnerBranch				= OwnerBranch			
		,@outGNCPerantaraTravelex	= GNCPerantaraTravelex	
		,@outIsAAJIMandatory			= IsAAJIMandatory		
		,@outIsAAUIMandatory			= IsAAUIMandatory		
		,@outOnOffBancaGW			= OnOffBancaGW			
		,@outOnOffBMWGLOLLog			= OnOffBMWGLOLLog		
		,@outGLFeeValas				= GLFeeValas				
		,@outGLFeeValasBranch		= GLFeeValasBranch	
		,LastBatchId					= LastBatchId +1


	SELECT  @outPreviousDate			AS PreviousDate			
		,@outCurrentDate				AS CurrentDate			
		,@outNextDate				AS NextDate				
		,@outBeginOfDay				AS BeginOfDay				
		,@outEndOfDay				AS EndOfDay				
		,@outLastBatchId				AS LastBatchId			
		,@outBatchProcessBit			AS BatchProcessBit		
		,@outGNCAccountNoIDR			AS GNCAccountNoIDR		
		,@outGLAccountFeeAccruedIDR	AS GLAccountFeeAccruedIDR	
		,@outGLOwnerFee				AS GLOwnerFee				
		,@outOwnerBranch				AS OwnerBranch			
		,@outGNCPerantaraTravelex	AS GNCPerantaraTravelex	
		,@outIsAAJIMandatory			AS IsAAJIMandatory		
		,@outIsAAUIMandatory			AS IsAAUIMandatory		
		,@outOnOffBancaGW			AS OnOffBancaGW			
		,@outOnOffBMWGLOLLog			AS OnOffBMWGLOLLog		
		,@outGLFeeValas				AS GLFeeValas				
		,@outGLFeeValasBranch		AS GLFeeValasBranch	
","DECLARE @outPreviousDate smalldatetime ,@outCurrentDate smalldatetime ,@outNextDate smalldatetime ,@outBeginOfDay bit ,@outEndOfDay bit ,@outLastBatchId bigint ,@outBatchProcessBit bit ,@outGNCAccountNoIDR varchar(20) ,@outGLAccountFeeAccruedIDR varchar(20) ,@outGLOwnerFee varchar(20) ,@outOwnerBranch int ,@outGNCPerantaraTravelex varchar(20) ,@outIsAAJIMandatory bit ,@outIsAAUIMandatory bit ,@outOnOffBancaGW bit ,@outOnOffBMWGLOLLog bit ,@outGLFeeValas varchar(20) ,@outGLFeeValasBranch varchar(20) UPDATE BancaControlTable_TM SET @outPreviousDate = PreviousDate ,@outCurrentDate = CurrentDate ,@outNextDate = NextDate ,@outBeginOfDay = BeginOfDay ,@outEndOfDay = EndOfDay ,@outLastBatchId = LastBatchId ,@outBatchProcessBit = BatchProcessBit ,@outGNCAccountNoIDR = GNCAccountNoIDR ,@outGLAccountFeeAccruedIDR = GLAccountFeeAccruedIDR ,@outGLOwnerFee = GLOwnerFee ,@outOwnerBranch = OwnerBranch ,@outGNCPerantaraTravelex = GNCPerantaraTravelex ,@outIsAAJIMandatory = IsAAJIMandatory ,@outIsAAUIMandatory = IsAAUIMandatory ,@outOnOffBancaGW = OnOffBancaGW ,@outOnOffBMWGLOLLog = OnOffBMWGLOLLog ,@outGLFeeValas = GLFeeValas ,@outGLFeeValasBranch = GLFeeValasBranch ,LastBatchId = LastBatchId +1 SELECT @outPreviousDate AS PreviousDate ,@outCurrentDate AS CurrentDate ,@outNextDate AS NextDate ,@outBeginOfDay AS BeginOfDay ,@outEndOfDay AS EndOfDay ,@outLastBatchId AS LastBatchId ,@outBatchProcessBit AS BatchProcessBit ,@outGNCAccountNoIDR AS GNCAccountNoIDR ,@outGLAccountFeeAccruedIDR AS GLAccountFeeAccruedIDR ,@outGLOwnerFee AS GLOwnerFee ,@outOwnerBranch AS OwnerBranch ,@outGNCPerantaraTravelex AS GNCPerantaraTravelex ,@outIsAAJIMandatory AS IsAAJIMandatory ,@outIsAAUIMandatory AS IsAAUIMandatory ,@outOnOffBancaGW AS OnOffBancaGW ,@outOnOffBMWGLOLLog AS OnOffBMWGLOLLog ,@outGLFeeValas AS GLFeeValas ,@outGLFeeValasBranch AS GLFeeValasBranch",UPDATE,true,false,false,,1,d5a16300b8452e43d373d264b4201962940e4a36,code,go,go,,,,,MEDIUM,go3/bancaQueries_manual.sql.go,67
golang-sample,go3/bancaQueries_manual.sql.go,bancaQueries_manual.sql.go,GetBancaControlTableTMLastId,130,130,"-- name: GetBancaControlTableTM :one
	DECLARE  @outPreviousDate			smalldatetime
			,@outCurrentDate			smalldatetime
			,@outNextDate				smalldatetime
			,@outBeginOfDay				bit
			,@outEndOfDay				bit
			,@outLastBatchId			bigint
			,@outBatchProcessBit		bit
			,@outGNCAccountNoIDR		varchar(20)
			,@outGLAccountFeeAccruedIDR	varchar(20)
			,@outGLOwnerFee				varchar(20)
			,@outOwnerBranch			int
			,@outGNCPerantaraTravelex	varchar(20)
			,@outIsAAJIMandatory		bit
			,@outIsAAUIMandatory		bit
			,@outOnOffBancaGW			bit
			,@outOnOffBMWGLOLLog		bit
			,@outGLFeeValas				varchar(20)
			,@outGLFeeValasBranch		varchar(20)

	UPDATE BancaControlTable_TM  
	SET		@outPreviousDate			= PreviousDate			
		,@outCurrentDate				= CurrentDate			
		,@outNextDate				= NextDate				
		,@outBeginOfDay				= BeginOfDay				
		,@outEndOfDay				= EndOfDay				
		,@outLastBatchId				= LastBatchId			
		,@outBatchProcessBit			= BatchProcessBit		
		,@outGNCAccountNoIDR			= GNCAccountNoIDR		
		,@outGLAccountFeeAccruedIDR	= GLAccountFeeAccruedIDR	
		,@outGLOwnerFee				= GLOwnerFee				
		,@outOwnerBranch				= OwnerBranch			
		,@outGNCPerantaraTravelex	= GNCPerantaraTravelex	
		,@outIsAAJIMandatory			= IsAAJIMandatory		
		,@outIsAAUIMandatory			= IsAAUIMandatory		
		,@outOnOffBancaGW			= OnOffBancaGW			
		,@outOnOffBMWGLOLLog			= OnOffBMWGLOLLog		
		,@outGLFeeValas				= GLFeeValas				
		,@outGLFeeValasBranch		= GLFeeValasBranch	
		,LastBatchId					= LastBatchId +1


	SELECT  @outPreviousDate			AS PreviousDate			
		,@outCurrentDate				AS CurrentDate			
		,@outNextDate				AS NextDate				
		,@outBeginOfDay				AS BeginOfDay				
		,@outEndOfDay				AS EndOfDay				
		,@outLastBatchId				AS LastBatchId			
		,@outBatchProcessBit			AS BatchProcessBit		
		,@outGNCAccountNoIDR			AS GNCAccountNoIDR		
		,@outGLAccountFeeAccruedIDR	AS GLAccountFeeAccruedIDR	
		,@outGLOwnerFee				AS GLOwnerFee				
		,@outOwnerBranch				AS OwnerBranch			
		,@outGNCPerantaraTravelex	AS GNCPerantaraTravelex	
		,@outIsAAJIMandatory			AS IsAAJIMandatory		
		,@outIsAAUIMandatory			AS IsAAUIMandatory		
		,@outOnOffBancaGW			AS OnOffBancaGW			
		,@outOnOffBMWGLOLLog			AS OnOffBMWGLOLLog		
		,@outGLFeeValas				AS GLFeeValas				
		,@outGLFeeValasBranch		AS GLFeeValasBranch	
","DECLARE @outPreviousDate smalldatetime ,@outCurrentDate smalldatetime ,@outNextDate smalldatetime ,@outBeginOfDay bit ,@outEndOfDay bit ,@outLastBatchId bigint ,@outBatchProcessBit bit ,@outGNCAccountNoIDR varchar(20) ,@outGLAccountFeeAccruedIDR varchar(20) ,@outGLOwnerFee varchar(20) ,@outOwnerBranch int ,@outGNCPerantaraTravelex varchar(20) ,@outIsAAJIMandatory bit ,@outIsAAUIMandatory bit ,@outOnOffBancaGW bit ,@outOnOffBMWGLOLLog bit ,@outGLFeeValas varchar(20) ,@outGLFeeValasBranch varchar(20) UPDATE BancaControlTable_TM SET @outPreviousDate = PreviousDate ,@outCurrentDate = CurrentDate ,@outNextDate = NextDate ,@outBeginOfDay = BeginOfDay ,@outEndOfDay = EndOfDay ,@outLastBatchId = LastBatchId ,@outBatchProcessBit = BatchProcessBit ,@outGNCAccountNoIDR = GNCAccountNoIDR ,@outGLAccountFeeAccruedIDR = GLAccountFeeAccruedIDR ,@outGLOwnerFee = GLOwnerFee ,@outOwnerBranch = OwnerBranch ,@outGNCPerantaraTravelex = GNCPerantaraTravelex ,@outIsAAJIMandatory = IsAAJIMandatory ,@outIsAAUIMandatory = IsAAUIMandatory ,@outOnOffBancaGW = OnOffBancaGW ,@outOnOffBMWGLOLLog = OnOffBMWGLOLLog ,@outGLFeeValas = GLFeeValas ,@outGLFeeValasBranch = GLFeeValasBranch ,LastBatchId = LastBatchId +1 SELECT @outPreviousDate AS PreviousDate ,@outCurrentDate AS CurrentDate ,@outNextDate AS NextDate ,@outBeginOfDay AS BeginOfDay ,@outEndOfDay AS EndOfDay ,@outLastBatchId AS LastBatchId ,@outBatchProcessBit AS BatchProcessBit ,@outGNCAccountNoIDR AS GNCAccountNoIDR ,@outGLAccountFeeAccruedIDR AS GLAccountFeeAccruedIDR ,@outGLOwnerFee AS GLOwnerFee ,@outOwnerBranch AS OwnerBranch ,@outGNCPerantaraTravelex AS GNCPerantaraTravelex ,@outIsAAJIMandatory AS IsAAJIMandatory ,@outIsAAUIMandatory AS IsAAUIMandatory ,@outOnOffBancaGW AS OnOffBancaGW ,@outOnOffBMWGLOLLog AS OnOffBMWGLOLLog ,@outGLFeeValas AS GLFeeValas ,@outGLFeeValasBranch AS GLFeeValasBranch",UPDATE,true,false,false,,1,d5a16300b8452e43d373d264b4201962940e4a36,code,go,go,,,ctx,,MEDIUM,go3/bancaQueries_manual.sql.go,67
golang-sample,go3/bancaQueries_manual.sql.go,bancaQueries_manual.sql.go,InsertDeleteTT,48,53,"INSERT INTO BancaDelete_TT (Jenis, UserInput, StatusOtor, ActionType) OUTPUT inserted.BatchId, inserted.Jenis , inserted.UserInput, inserted.UserOtor , inserted.DateOtor, inserted.StatusOtor , inserted.ActionType INTO @InsertedData VALUES(@p1, @p2, @p3, @p4) SELECT BatchId, Jenis, UserInput , UserOtor, DateOtor, StatusOtor,ActionType FROM @InsertedData","INSERT INTO BancaDelete_TT (Jenis, UserInput, StatusOtor, ActionType) OUTPUT inserted.BatchId, inserted.Jenis , inserted.UserInput, inserted.UserOtor , inserted.DateOtor, inserted.StatusOtor , inserted.ActionType INTO @InsertedData VALUES(@p1, @p2, @p3, @p4) SELECT BatchId, Jenis, UserInput , UserOtor, DateOtor, StatusOtor,ActionType FROM @InsertedData",INSERT,true,false,false,,11,5a3b62469c2d3cf76119b448301eccb1cac7cabf,code,go,go,,,ctx,,MEDIUM,go3/bancaQueries_manual.sql.go,16
golang-sample,go3/bancaQueries_manual.sql.go,bancaQueries_manual.sql.go,InsertDeleteTT,48,53,"DECLARE @InsertedData TABLE (BatchId int , Jenis tinyint , UserInput int , UserOtor int , DateOtor datetime , StatusOtor tinyint , ActionType varchar(10) )","DECLARE @InsertedData TABLE (BatchId int , Jenis tinyint , UserInput int , UserOtor int , DateOtor datetime , StatusOtor tinyint , ActionType varchar(10) )",UNKNOWN,false,false,false,,0,7583cfb6b3ec36b96ce533f711de192b9f00c112,code,go,go,,,ctx,,LOW,go3/bancaQueries_manual.sql.go,16
golang-sample,go3/bond_transaction_repository.go,bond_transaction_repository.go,GetSecondaryTransactionBlotter,639,639,"UPDATE tmp SET NIKNamaMarketing = RTRIM(tmp.NIKMarketing) + '-' + RTRIM(u.fullname) FROM #tmp_blotter tmp INNER JOIN dbo.user_nisp_v u ON tmp.NIKMarketing = u.nik INSERT #tmp_SOF( DealIdProduct ,Product ,SourceData ,DealIdSource ,Account ) SELECT DealIdProduct ,Product ,SourceData ,DealIdSource ,Account FROM #tmp_blotter tmp JOIN dbo.TRSListTransactionSourceOfFund_TT tt ON RTRIM(tt.Product) IN ('Obligasi', 'Lelang') AND tmp.DealId = tt.DealIdProduct WHERE TrxStatus NOT IN ('11') INSERT #tmp_SOF( DealIdProduct ,Product ,SourceData ,DealIdSource ,Account ) SELECT DealIdProduct ,Product ,SourceData ,DealIdSource ,Account FROM #tmp_blotter tmp JOIN dbo.TRSListTransactionSourceOfFund_TH tt ON RTRIM(tt.Product) IN ('Obligasi', 'Lelang') AND tmp.DealId = tt.DealIdProduct WHERE TrxStatus IN ('11') AND [Description] = 'DELETE DATA' INSERT #tmp_SOF( DealIdProduct ,Product ,SourceData ,DealIdSource ,Account ) SELECT DealIdParent ,'Obligasi' ,'Obligasi' ,DealIdChild ,0 FROM #tmp_blotter tmp JOIN dbo.SecurityTransactionLink_TR tr ON tmp.DealId = tr.DealIdParent WHERE TrxStatus NOT IN ('11') INSERT #tmp_SOF( DealIdProduct ,Product ,SourceData ,DealIdSource ,Account ) SELECT DealIdParent ,'Obligasi' ,'Obligasi' ,DealIdChild ,0 FROM #tmp_blotter tmp JOIN dbo.SecurityTranscationLink_TL tr ON tmp.DealId = tr.DealIdParent WHERE TrxStatus IN ('11') SELECT DISTINCT sof2.DealIdProduct, SUBSTRING( ( SELECT CASE sof1.SourceData WHEN 'Rekening' THEN ', ' + 'Rekening-[' + CONVERT(VARCHAR(100), sof1.Account) + ']' ELSE ',' + sof1.SourceData + '-[' + CONVERT(VARCHAR(100), sof1.DealIdSource) + ']' END AS [text()] FROM #tmp_SOF sof1 WHERE sof1.DealIdProduct = sof2.DealIdProduct ORDER BY sof1.DealIdProduct FOR XML PATH (''), TYPE ).value('text()[1] ','NVARCHAR(max)'), 2, 1000) AS SumberDana INTO #tmpSumberDana FROM #tmp_SOF sof2","UPDATE tmp SET NIKNamaMarketing = RTRIM(tmp.NIKMarketing) + '-' + RTRIM(u.fullname) FROM #tmp_blotter tmp INNER JOIN dbo.user_nisp_v u ON tmp.NIKMarketing = u.nik INSERT #tmp_SOF( DealIdProduct ,Product ,SourceData ,DealIdSource ,Account ) SELECT DealIdProduct ,Product ,SourceData ,DealIdSource ,Account FROM #tmp_blotter tmp JOIN dbo.TRSListTransactionSourceOfFund_TT tt ON RTRIM(tt.Product) IN ('Obligasi', 'Lelang') AND tmp.DealId = tt.DealIdProduct WHERE TrxStatus NOT IN ('11') INSERT #tmp_SOF( DealIdProduct ,Product ,SourceData ,DealIdSource ,Account ) SELECT DealIdProduct ,Product ,SourceData ,DealIdSource ,Account FROM #tmp_blotter tmp JOIN dbo.TRSListTransactionSourceOfFund_TH tt ON RTRIM(tt.Product) IN ('Obligasi', 'Lelang') AND tmp.DealId = tt.DealIdProduct WHERE TrxStatus IN ('11') AND [Description] = 'DELETE DATA' INSERT #tmp_SOF( DealIdProduct ,Product ,SourceData ,DealIdSource ,Account ) SELECT DealIdParent ,'Obligasi' ,'Obligasi' ,DealIdChild ,0 FROM #tmp_blotter tmp JOIN dbo.SecurityTransactionLink_TR tr ON tmp.DealId = tr.DealIdParent WHERE TrxStatus NOT IN ('11') INSERT #tmp_SOF( DealIdProduct ,Product ,SourceData ,DealIdSource ,Account ) SELECT DealIdParent ,'Obligasi' ,'Obligasi' ,DealIdChild ,0 FROM #tmp_blotter tmp JOIN dbo.SecurityTranscationLink_TL tr ON tmp.DealId = tr.DealIdParent WHERE TrxStatus IN ('11') SELECT DISTINCT sof2.DealIdProduct, SUBSTRING( ( SELECT CASE sof1.SourceData WHEN 'Rekening' THEN ', ' + 'Rekening-[' + CONVERT(VARCHAR(100), sof1.Account) + ']' ELSE ',' + sof1.SourceData + '-[' + CONVERT(VARCHAR(100), sof1.DealIdSource) + ']' END AS [text()] FROM #tmp_SOF sof1 WHERE sof1.DealIdProduct = sof2.DealIdProduct ORDER BY sof1.DealIdProduct FOR XML PATH (''), TYPE ).value('text()[1] ','NVARCHAR(max)'), 2, 1000) AS SumberDana INTO #tmpSumberDana FROM #tmp_SOF sof2",INSERT,true,false,false,,8,534ee1ffc3a392dc1dd4b23b682c55ffc2eb956c,code,go,go,,,r.db_trs,,MEDIUM,go3/bond_transaction_repository.go,70
golang-sample,go3/bond_transaction_repository.go,bond_transaction_repository.go,GetSecondaryTransactionBlotter,639,639,"DECLARE @pdFrom DATETIME ,@pdTo DATETIME SET @pdFrom = DATEADD(dd,DATEDIFF(dd,0,@pdTrxFrom),0) SET @pdTo = DATEADD(DAY,1,@pdTrxTo) CREATE TABLE #tmp_blotter ( [DealId] BIGINT ,[SecurityAcctNo] VARCHAR(20) ,[TransactionType] VARCHAR(50) ,[ProductName] VARCHAR(100) ,[TipeBenefit] VARCHAR(50) ,[Name] VARCHAR(100) ,[BranchTransaksi] VARCHAR(150) ,[Currency] VARCHAR(10) ,[FaceValue] VARCHAR(30) ,[nFaceValue] DECIMAL(20,5) ,[DealPrice] DECIMAL(20,5) ,[AccruedInterest] VARCHAR(30) ,[TotalProceed] VARCHAR(30) ,SumberDana VARCHAR(500) ,[TanggalTransaksi] DATETIME ,[SettlementDate] DATETIME ,[DealNoMurex] VARCHAR(100) ,[Status] VARCHAR(100) ,[Instruksi] VARCHAR(100) ,[Switching] VARCHAR(100) ,IdLelang VARCHAR(50) ,MurexNoKemenkeu VARCHAR(20) ,MurexNoTrader VARCHAR(20) ,[ReplaceIdLelang] VARCHAR(1000) ,HargaModal VARCHAR(40) ,nHargaModal DECIMAL(20,5) ,NIKInputter VARCHAR(150) ,NIKNamaInputter VARCHAR(150) ,NIKSeller VARCHAR(150) ,NIKNamaSeller VARCHAR(150) ,NIKMarketing VARCHAR(150) ,NIKNamaMarketing VARCHAR(150) ,PBEACustomerId VARCHAR(13) ,FlagOther BIT ,NoRekInestor VARCHAR(40) ,RevenueInIDR DECIMAL(20,5) ,TrxType INT ,SecId BIGINT ,Kurs DECIMAL(13,7) ,BondType VARCHAR(10) ,TrxStatus VARCHAR(10) ) CREATE TABLE #tmp_SOF ( DealIdProduct BIGINT ,Product VARCHAR(50) ,SourceData VARCHAR(50) ,DealIdSource BIGINT ,Account VARCHAR(50) ) INSERT #tmp_blotter ( [DealId] ,[SecurityAcctNo] ,[TransactionType] ,[ProductName] ,[TipeBenefit] ,[Name] ,[BranchTransaksi] ,[Currency] ,[FaceValue] ,[nFaceValue] ,[DealPrice] ,[AccruedInterest] ,[TotalProceed] ,[TanggalTransaksi] ,[SettlementDate] ,[DealNoMurex] ,[Status] ,[Instruksi] ,[Switching] ,HargaModal ,nHargaModal ,NIKInputter ,NIKSeller ,PBEACustomerId ,FlagOther ,NoRekInestor ,TrxType ,SecId ,TrxStatus ) SELECT sttt.DealId ,tctm.SecAccNo ,sctr.TrxDesc ,sm.SecDescr ,par.Description ,tctm.Nama ,sttt.TrxBranch + '-' + mie.office_name ,sm.SecCcy ,CONVERT(VARCHAR(30),sttt.FaceValue,1) ,sttt.FaceValue ,sttt.DealPrice ,CONVERT(VARCHAR(30),sttt.AccruedInterest,1) ,CONVERT(VARCHAR(30),sttt.TotalProceed,1) ,sttt.TrxDate ,sttt.SettlementDate ,ISNULL(sttt.DealIdExternal,'-') ,ISNULL(sts.[Description],'-') ,CASE WHEN sttt.Instruction = 'OM' THEN 'OneMobile' WHEN sttt.Instruction = 'VELO' THEN 'VELOCITY' ELSE CASE WHEN sttt.PhoneOrderBit = 1 THEN 'Phone Order' ELSE 'Cabang' END END ,CASE sttt.FlagSwitching WHEN 1 THEN sttt.DealIdSwitching ELSE '' END AS Switching ,CONVERT(VARCHAR(30),sttt.HargaModal, 1) AS HargaModal ,sttt.HargaModal ,sttt.NIK_Dealer ,sttt.NIK_CS ,RIGHT(tctm.CIFNo, 13) AS PBEACustomerId ,sttt.FlagOther ,sttt.NoRekInvestor ,sttt.TrxType ,sttt.SecId ,sttt.TrxStatus FROM dbo.SecurityTransaction_TT sttt WITH(NOLOCK) INNER JOIN dbo.TreasuryCustomer_TM tctm WITH(NOLOCK) ON sttt.CIFId = tctm.CIFId LEFT JOIN dbo.SecurityTransactionStatus_TM sts WITH(NOLOCK) ON sttt.TrxStatus = sts.Id LEFT JOIN dbo.MISOfficeInformationEODFull_v mie WITH(NOLOCK) ON sttt.TrxBranch = mie.office_id LEFT JOIN dbo.SecurityMaster_TM sm WITH(NOLOCK) ON sttt.SecId = sm.SecId LEFT JOIN dbo.SecurityTransaction_TR sctr WITH(NOLOCK) ON sttt.TrxType = sctr.TrxTypeID LEFT JOIN dbo.TRSParameter_TR par ON sm.ImbalHasil = par.Value AND par.Code = 'ImbalHasil' WHERE (@pnStatus = -1 or sttt.TrxStatus = @pnStatus) AND (CASE WHEN sttt.TrxType = 5 THEN sttt.SettlementDate ELSE sttt.TrxDate END) >= @pdFrom AND (CASE WHEN sttt.TrxType = 5 THEN sttt.SettlementDate ELSE sttt.TrxDate END) < @pdTo AND TrxType not in (11) AND ISNULL([IsBuyBack], 0) = 0 AND ISNULL([IsLelang], 0) = 0 AND @pcTrxType <> 'Lelang' UPDATE tmp SET tmp.[Instruksi] = 'RM Mobile' FROM #tmp_blotter tmp JOIN dbo.RMMSecurityTransaction_TT rmm ON tmp.[DealId] = rmm.DealId WHERE tmp.[Instruksi] = 'Cabang' INSERT #tmp_blotter ( IdLelang ,[SecurityAcctNo] ,[TransactionType] ,[ProductName] ,[TipeBenefit] ,[Name] ,[BranchTransaksi] ,[Currency] ,[FaceValue] ,[nFaceValue] ,[DealPrice] ,[AccruedInterest] ,[TotalProceed] ,[TanggalTransaksi] ,[SettlementDate] ,[DealNoMurex] ,[Status] ,[Instruksi] ,HargaModal ,nHargaModal ,NIKInputter ,NIKSeller ,PBEACustomerId ,FlagOther ,NoRekInestor ,TrxType ,SecId ,TrxStatus ) SELECT CONVERT(VARCHAR(50), stl.IdLelang) ,tctm.SecAccNo ,'Sell' ,sm.SecDescr ,par.Description ,tctm.Nama ,stl.TrxBranch + '-' + mie.office_name ,sm.SecCcy ,CONVERT(VARCHAR(30),ISNULL(sttt.FaceValue,stl.FaceValue),1) ,ISNULL(sttt.FaceValue,stl.FaceValue) ,ISNULL(sttt.DealPrice,stl.DealPrice) ,CONVERT(VARCHAR(30),ISNULL(sttt.AccruedInterest,stl.AccruedInterest),1) ,CONVERT(VARCHAR(30),ISNULL(sttt.TotalProceed,stl.TotalProceed),1) ,ISNULL(sttt.TrxDate,stl.TrxDate) ,stl.SettlementDate ,ISNULL(sttt.DealIdExternal,'-') ,ISNULL(sts.ParamDesc,'-') ,'Cabang' ,CONVERT(VARCHAR(30),stl.HargaModal, 1) AS HargaModal ,stl.HargaModal ,stl.NIK_Dealer ,stl.NIK_CS ,RIGHT(tctm.CIFNo, 13) AS PBEACustomerId ,stl.FlagOther ,stl.NoRekInvestor ,4 ,stl.SecId ,stl.[Status] FROM dbo.SecurityTrxLelang_TT stl WITH(NOLOCK) INNER JOIN dbo.TreasuryCustomer_TM tctm WITH(NOLOCK) ON stl.CIFId = tctm.CIFId LEFT JOIN dbo.SecurityParamLelang_TR sts WITH(NOLOCK) ON stl.[Status] = sts.ParamValue LEFT JOIN dbo.MISOfficeInformationEODFull_v mie WITH(NOLOCK) ON stl.TrxBranch = mie.office_id LEFT JOIN dbo.SecurityMaster_TM sm WITH(NOLOCK) ON stl.SecId = sm.SecId LEFT JOIN dbo.SecurityTransaction_TT sttt WITH(NOLOCK) ON stl.IdLelang = sttt.IdLelang AND sttt.TrxDate >= @pdFrom AND sttt.TrxDate < @pdTo LEFT JOIN dbo.TRSParameter_TR par ON sm.ImbalHasil = par.Value AND par.Code = 'ImbalHasil' WHERE ((sttt.TrxDate IS NULL AND stl.TrxDate >= @pdFrom) OR sttt.TrxDate >= @pdFrom) AND ((sttt.TrxDate IS NULL AND stl.TrxDate < @pdTo) OR sttt.TrxDate < @pdTo) AND @pcTrxType <> 'Sekunder' IF @pcTrxType = 'Lelang' AND @pnStatus >= 0 BEGIN DELETE bl FROM #tmp_blotter bl WITH(NOLOCK) LEFT JOIN dbo.SecurityTransaction_TT stt WITH(NOLOCK) ON bl.IdLelang = stt.IdLelang AND stt.TrxDate >= @pdFrom AND stt.TrxDate < @pdTo AND stt.TrxStatus = @pnStatus WHERE bl.[TransactionType] = 'Sell' AND stt.IdLelang IS NULL END","DECLARE @pdFrom DATETIME ,@pdTo DATETIME SET @pdFrom = DATEADD(dd,DATEDIFF(dd,0,@pdTrxFrom),0) SET @pdTo = DATEADD(DAY,1,@pdTrxTo) CREATE TABLE #tmp_blotter ( [DealId] BIGINT ,[SecurityAcctNo] VARCHAR(20) ,[TransactionType] VARCHAR(50) ,[ProductName] VARCHAR(100) ,[TipeBenefit] VARCHAR(50) ,[Name] VARCHAR(100) ,[BranchTransaksi] VARCHAR(150) ,[Currency] VARCHAR(10) ,[FaceValue] VARCHAR(30) ,[nFaceValue] DECIMAL(20,5) ,[DealPrice] DECIMAL(20,5) ,[AccruedInterest] VARCHAR(30) ,[TotalProceed] VARCHAR(30) ,SumberDana VARCHAR(500) ,[TanggalTransaksi] DATETIME ,[SettlementDate] DATETIME ,[DealNoMurex] VARCHAR(100) ,[Status] VARCHAR(100) ,[Instruksi] VARCHAR(100) ,[Switching] VARCHAR(100) ,IdLelang VARCHAR(50) ,MurexNoKemenkeu VARCHAR(20) ,MurexNoTrader VARCHAR(20) ,[ReplaceIdLelang] VARCHAR(1000) ,HargaModal VARCHAR(40) ,nHargaModal DECIMAL(20,5) ,NIKInputter VARCHAR(150) ,NIKNamaInputter VARCHAR(150) ,NIKSeller VARCHAR(150) ,NIKNamaSeller VARCHAR(150) ,NIKMarketing VARCHAR(150) ,NIKNamaMarketing VARCHAR(150) ,PBEACustomerId VARCHAR(13) ,FlagOther BIT ,NoRekInestor VARCHAR(40) ,RevenueInIDR DECIMAL(20,5) ,TrxType INT ,SecId BIGINT ,Kurs DECIMAL(13,7) ,BondType VARCHAR(10) ,TrxStatus VARCHAR(10) ) CREATE TABLE #tmp_SOF ( DealIdProduct BIGINT ,Product VARCHAR(50) ,SourceData VARCHAR(50) ,DealIdSource BIGINT ,Account VARCHAR(50) ) INSERT #tmp_blotter ( [DealId] ,[SecurityAcctNo] ,[TransactionType] ,[ProductName] ,[TipeBenefit] ,[Name] ,[BranchTransaksi] ,[Currency] ,[FaceValue] ,[nFaceValue] ,[DealPrice] ,[AccruedInterest] ,[TotalProceed] ,[TanggalTransaksi] ,[SettlementDate] ,[DealNoMurex] ,[Status] ,[Instruksi] ,[Switching] ,HargaModal ,nHargaModal ,NIKInputter ,NIKSeller ,PBEACustomerId ,FlagOther ,NoRekInestor ,TrxType ,SecId ,TrxStatus ) SELECT sttt.DealId ,tctm.SecAccNo ,sctr.TrxDesc ,sm.SecDescr ,par.Description ,tctm.Nama ,sttt.TrxBranch + '-' + mie.office_name ,sm.SecCcy ,CONVERT(VARCHAR(30),sttt.FaceValue,1) ,sttt.FaceValue ,sttt.DealPrice ,CONVERT(VARCHAR(30),sttt.AccruedInterest,1) ,CONVERT(VARCHAR(30),sttt.TotalProceed,1) ,sttt.TrxDate ,sttt.SettlementDate ,ISNULL(sttt.DealIdExternal,'-') ,ISNULL(sts.[Description],'-') ,CASE WHEN sttt.Instruction = 'OM' THEN 'OneMobile' WHEN sttt.Instruction = 'VELO' THEN 'VELOCITY' ELSE CASE WHEN sttt.PhoneOrderBit = 1 THEN 'Phone Order' ELSE 'Cabang' END END ,CASE sttt.FlagSwitching WHEN 1 THEN sttt.DealIdSwitching ELSE '' END AS Switching ,CONVERT(VARCHAR(30),sttt.HargaModal, 1) AS HargaModal ,sttt.HargaModal ,sttt.NIK_Dealer ,sttt.NIK_CS ,RIGHT(tctm.CIFNo, 13) AS PBEACustomerId ,sttt.FlagOther ,sttt.NoRekInvestor ,sttt.TrxType ,sttt.SecId ,sttt.TrxStatus FROM dbo.SecurityTransaction_TT sttt WITH(NOLOCK) INNER JOIN dbo.TreasuryCustomer_TM tctm WITH(NOLOCK) ON sttt.CIFId = tctm.CIFId LEFT JOIN dbo.SecurityTransactionStatus_TM sts WITH(NOLOCK) ON sttt.TrxStatus = sts.Id LEFT JOIN dbo.MISOfficeInformationEODFull_v mie WITH(NOLOCK) ON sttt.TrxBranch = mie.office_id LEFT JOIN dbo.SecurityMaster_TM sm WITH(NOLOCK) ON sttt.SecId = sm.SecId LEFT JOIN dbo.SecurityTransaction_TR sctr WITH(NOLOCK) ON sttt.TrxType = sctr.TrxTypeID LEFT JOIN dbo.TRSParameter_TR par ON sm.ImbalHasil = par.Value AND par.Code = 'ImbalHasil' WHERE (@pnStatus = -1 or sttt.TrxStatus = @pnStatus) AND (CASE WHEN sttt.TrxType = 5 THEN sttt.SettlementDate ELSE sttt.TrxDate END) >= @pdFrom AND (CASE WHEN sttt.TrxType = 5 THEN sttt.SettlementDate ELSE sttt.TrxDate END) < @pdTo AND TrxType not in (11) AND ISNULL([IsBuyBack], 0) = 0 AND ISNULL([IsLelang], 0) = 0 AND @pcTrxType <> 'Lelang' UPDATE tmp SET tmp.[Instruksi] = 'RM Mobile' FROM #tmp_blotter tmp JOIN dbo.RMMSecurityTransaction_TT rmm ON tmp.[DealId] = rmm.DealId WHERE tmp.[Instruksi] = 'Cabang' INSERT #tmp_blotter ( IdLelang ,[SecurityAcctNo] ,[TransactionType] ,[ProductName] ,[TipeBenefit] ,[Name] ,[BranchTransaksi] ,[Currency] ,[FaceValue] ,[nFaceValue] ,[DealPrice] ,[AccruedInterest] ,[TotalProceed] ,[TanggalTransaksi] ,[SettlementDate] ,[DealNoMurex] ,[Status] ,[Instruksi] ,HargaModal ,nHargaModal ,NIKInputter ,NIKSeller ,PBEACustomerId ,FlagOther ,NoRekInestor ,TrxType ,SecId ,TrxStatus ) SELECT CONVERT(VARCHAR(50), stl.IdLelang) ,tctm.SecAccNo ,'Sell' ,sm.SecDescr ,par.Description ,tctm.Nama ,stl.TrxBranch + '-' + mie.office_name ,sm.SecCcy ,CONVERT(VARCHAR(30),ISNULL(sttt.FaceValue,stl.FaceValue),1) ,ISNULL(sttt.FaceValue,stl.FaceValue) ,ISNULL(sttt.DealPrice,stl.DealPrice) ,CONVERT(VARCHAR(30),ISNULL(sttt.AccruedInterest,stl.AccruedInterest),1) ,CONVERT(VARCHAR(30),ISNULL(sttt.TotalProceed,stl.TotalProceed),1) ,ISNULL(sttt.TrxDate,stl.TrxDate) ,stl.SettlementDate ,ISNULL(sttt.DealIdExternal,'-') ,ISNULL(sts.ParamDesc,'-') ,'Cabang' ,CONVERT(VARCHAR(30),stl.HargaModal, 1) AS HargaModal ,stl.HargaModal ,stl.NIK_Dealer ,stl.NIK_CS ,RIGHT(tctm.CIFNo, 13) AS PBEACustomerId ,stl.FlagOther ,stl.NoRekInvestor ,4 ,stl.SecId ,stl.[Status] FROM dbo.SecurityTrxLelang_TT stl WITH(NOLOCK) INNER JOIN dbo.TreasuryCustomer_TM tctm WITH(NOLOCK) ON stl.CIFId = tctm.CIFId LEFT JOIN dbo.SecurityParamLelang_TR sts WITH(NOLOCK) ON stl.[Status] = sts.ParamValue LEFT JOIN dbo.MISOfficeInformationEODFull_v mie WITH(NOLOCK) ON stl.TrxBranch = mie.office_id LEFT JOIN dbo.SecurityMaster_TM sm WITH(NOLOCK) ON stl.SecId = sm.SecId LEFT JOIN dbo.SecurityTransaction_TT sttt WITH(NOLOCK) ON stl.IdLelang = sttt.IdLelang AND sttt.TrxDate >= @pdFrom AND sttt.TrxDate < @pdTo LEFT JOIN dbo.TRSParameter_TR par ON sm.ImbalHasil = par.Value AND par.Code = 'ImbalHasil' WHERE ((sttt.TrxDate IS NULL AND stl.TrxDate >= @pdFrom) OR sttt.TrxDate >= @pdFrom) AND ((sttt.TrxDate IS NULL AND stl.TrxDate < @pdTo) OR sttt.TrxDate < @pdTo) AND @pcTrxType <> 'Sekunder' IF @pcTrxType = 'Lelang' AND @pnStatus >= 0 BEGIN DELETE bl FROM #tmp_blotter bl WITH(NOLOCK) LEFT JOIN dbo.SecurityTransaction_TT stt WITH(NOLOCK) ON bl.IdLelang = stt.IdLelang AND stt.TrxDate >= @pdFrom AND stt.TrxDate < @pdTo AND stt.TrxStatus = @pnStatus WHERE bl.[TransactionType] = 'Sell' AND stt.IdLelang IS NULL END",INSERT,true,false,false,,13,5498eda007bb6402fe75f6d72a7a87fb6c046992,code,go,go,,,r.db_trs,,MEDIUM,go3/bond_transaction_repository.go,70
golang-sample,go3/bond_transaction_repository.go,bond_transaction_repository.go,GetSecondaryTransactionBlotter,639,639,"UPDATE bl SET MurexNoKemenkeu = tr.MurexNoKemenkeu ,MurexNoTrader = tr.MurexNoTrader FROM #tmp_blotter bl JOIN dbo.[SecurityTrxResultLelang_TT] tt ON bl.IdLelang = tt.IdLelang JOIN dbo.SecurityTrxLelang_TT trx ON trx.IdLelang = tt.IdLelang JOIN dbo.SecurityBatchResult_TR tr ON tt.ResultId = tr.ResultId AND tt.Instruction = tr.BatchType WHERE trx.[Status] = 'EXC'","UPDATE bl SET MurexNoKemenkeu = tr.MurexNoKemenkeu ,MurexNoTrader = tr.MurexNoTrader FROM #tmp_blotter bl JOIN dbo.[SecurityTrxResultLelang_TT] tt ON bl.IdLelang = tt.IdLelang JOIN dbo.SecurityTrxLelang_TT trx ON trx.IdLelang = tt.IdLelang JOIN dbo.SecurityBatchResult_TR tr ON tt.ResultId = tr.ResultId AND tt.Instruction = tr.BatchType WHERE trx.[Status] = 'EXC'",UPDATE,true,false,false,,5,09b245d8e6ac1150a32a2a9f9d77592c45bfde6c,code,go,go,,,r.db_trs,,MEDIUM,go3/bond_transaction_repository.go,70
golang-sample,go3/bond_transaction_repository.go,bond_transaction_repository.go,GetSecondaryTransactionBlotter,639,639,"UPDATE blt SET SumberDana = 'Rekening-[' + CONVERT(VARCHAR(100), NoRekInestor) + ']' FROM #tmp_blotter blt WHERE ISNULL(SumberDana, '') = '' AND TransactionType != 'Buy' DELETE tmp FROM #tmp_blotter tmp WHERE @pcBenefitType != 'ALL' AND (ISNULL(TipeBenefit, '') = '' OR TipeBenefit != @pcBenefitType) DELETE tmp FROM #tmp_blotter tmp WHERE RTRIM(TransactionType) IN ('Bond Due', 'Coupon')","UPDATE blt SET SumberDana = 'Rekening-[' + CONVERT(VARCHAR(100), NoRekInestor) + ']' FROM #tmp_blotter blt WHERE ISNULL(SumberDana, '') = '' AND TransactionType != 'Buy' DELETE tmp FROM #tmp_blotter tmp WHERE @pcBenefitType != 'ALL' AND (ISNULL(TipeBenefit, '') = '' OR TipeBenefit != @pcBenefitType) DELETE tmp FROM #tmp_blotter tmp WHERE RTRIM(TransactionType) IN ('Bond Due', 'Coupon')",UPDATE,true,false,false,,3,0e5e5f61e17dacfdd4ba13199b1e060a60553683,code,go,go,,,r.db_trs,,MEDIUM,go3/bond_transaction_repository.go,70
golang-sample,go3/bond_transaction_repository.go,bond_transaction_repository.go,GetSecondaryTransactionBlotter,639,639,"UPDATE tmp SET RevenueInIDR = CASE WHEN Currency = 'IDR' THEN convert( DECIMAL(20,5), CASE WHEN tmp.TrxType = 4 THEN ( ISNULL(tmp.DealPrice,0) - ISNULL(tmp.nHargaModal,0)) * tmp.nFaceValue WHEN tmp.TrxType = 3 THEN ( ISNULL(tmp.nHargaModal,0) - ISNULL(tmp.DealPrice,0)) * tmp.nFaceValue ELSE 0 END) / 100.00 ELSE (convert( DECIMAL(20,5), CASE WHEN tmp.TrxType = 4 THEN ( ISNULL(tmp.DealPrice,0) - ISNULL(tmp.nHargaModal,0)) * tmp.nFaceValue WHEN tmp.TrxType = 3 THEN ( ISNULL(tmp.nHargaModal,0) - ISNULL(tmp.DealPrice,0)) * tmp.nFaceValue ELSE 0 END) / 100.00 ) * Kurs END FROM #tmp_blotter tmp WHERE RevenueInIDR IS NULL","UPDATE tmp SET RevenueInIDR = CASE WHEN Currency = 'IDR' THEN convert( DECIMAL(20,5), CASE WHEN tmp.TrxType = 4 THEN ( ISNULL(tmp.DealPrice,0) - ISNULL(tmp.nHargaModal,0)) * tmp.nFaceValue WHEN tmp.TrxType = 3 THEN ( ISNULL(tmp.nHargaModal,0) - ISNULL(tmp.DealPrice,0)) * tmp.nFaceValue ELSE 0 END) / 100.00 ELSE (convert( DECIMAL(20,5), CASE WHEN tmp.TrxType = 4 THEN ( ISNULL(tmp.DealPrice,0) - ISNULL(tmp.nHargaModal,0)) * tmp.nFaceValue WHEN tmp.TrxType = 3 THEN ( ISNULL(tmp.nHargaModal,0) - ISNULL(tmp.DealPrice,0)) * tmp.nFaceValue ELSE 0 END) / 100.00 ) * Kurs END FROM #tmp_blotter tmp WHERE RevenueInIDR IS NULL",UPDATE,true,false,false,,2,10bab8cf1f67510ebb2ca0d3b27e60f56b7cb401,code,go,go,,,r.db_trs,,MEDIUM,go3/bond_transaction_repository.go,70
golang-sample,go3/bond_transaction_repository.go,bond_transaction_repository.go,GetSecondaryTransactionBlotter,639,639,"UPDATE tmp SET tmp.Kurs = ISNULL(sc.BIRate, 1) FROM #tmp_blotter AS tmp JOIN SQL_SIBS.dbo.SIBSCurrencyTable_EOD AS sc ON CONVERT(VARCHAR, tmp.TanggalTransaksi, 112) = sc.Period AND sc.CurrencyCode = tmp.Currency WHERE tmp.Currency <> 'IDR' and sc.PBOId = 500 AND tmp.TanggalTransaksi < CONVERT(VARCHAR, GETDATE(), 112) AND tmp.Kurs IS NULL","UPDATE tmp SET tmp.Kurs = ISNULL(sc.BIRate, 1) FROM #tmp_blotter AS tmp JOIN SQL_SIBS.dbo.SIBSCurrencyTable_EOD AS sc ON CONVERT(VARCHAR, tmp.TanggalTransaksi, 112) = sc.Period AND sc.CurrencyCode = tmp.Currency WHERE tmp.Currency <> 'IDR' and sc.PBOId = 500 AND tmp.TanggalTransaksi < CONVERT(VARCHAR, GETDATE(), 112) AND tmp.Kurs IS NULL",UPDATE,true,false,true,SQL_SIBS,3,13e579cd953c33f2939df9b8bcca407e236b83f8,code,go,go,,,r.db_trs,,HIGH,go3/bond_transaction_repository.go,70
golang-sample,go3/bond_transaction_repository.go,bond_transaction_repository.go,GetSecondaryTransactionBlotter,639,639,UPDATE blt SET SumberDana = sd.SumberDana FROM #tmp_blotter blt JOIN #tmpSumberDana sd ON blt.DealId = sd.DealIdProduct,UPDATE blt SET SumberDana = sd.SumberDana FROM #tmp_blotter blt JOIN #tmpSumberDana sd ON blt.DealId = sd.DealIdProduct,UPDATE,true,false,false,,2,29e4d428acd87b916b59f4dcff4737d6745a0d44,code,go,go,,,r.db_trs,,MEDIUM,go3/bond_transaction_repository.go,70
golang-sample,go3/bond_transaction_repository.go,bond_transaction_repository.go,GetSecondaryTransactionBlotter,639,639,"UPDATE tmp SET Kurs = sct.BIRate FROM #tmp_blotter tmp INNER JOIN dbo.SIBSCurrencyTable_TM_v sct ON tmp.Currency = sct.CurrencyCode WHERE sct.PBOId = '500' AND CONVERT(VARCHAR, tmp.TanggalTransaksi, 112) >= CONVERT(VARCHAR, GETDATE(), 112) AND CONVERT(VARCHAR, tmp.TanggalTransaksi, 112) < DATEADD(DAY, 1, DATEADD(DAY, DATEDIFF(DAY,0,GETDATE()), 0))","UPDATE tmp SET Kurs = sct.BIRate FROM #tmp_blotter tmp INNER JOIN dbo.SIBSCurrencyTable_TM_v sct ON tmp.Currency = sct.CurrencyCode WHERE sct.PBOId = '500' AND CONVERT(VARCHAR, tmp.TanggalTransaksi, 112) >= CONVERT(VARCHAR, GETDATE(), 112) AND CONVERT(VARCHAR, tmp.TanggalTransaksi, 112) < DATEADD(DAY, 1, DATEADD(DAY, DATEDIFF(DAY,0,GETDATE()), 0))",UPDATE,true,false,false,,3,58f24a3da2dc3ca8f2e949d730c6b29e2fbf4fd6,code,go,go,,,r.db_trs,,MEDIUM,go3/bond_transaction_repository.go,70
golang-sample,go3/bond_transaction_repository.go,bond_transaction_repository.go,GetSecondaryTransactionBlotter,639,639,"UPDATE a SET [ReplaceIdLelang] = [ReplaceIdLelang] + ' - ' +CONVERT(VARCHAR(15),c.InsertedDate,106) FROM #tmp_blotter a JOIN dbo.SecurityReplaceTrxLelang_TT b WITH(NOLOCK) ON b.IdLelang_Source = a.IdLelang JOIN dbo.SecurityTrxLelang_TT c WITH(NOLOCK) ON b.IdLelang = c.IdLelang WHERE a.IdLelang IS NOT NULL END","UPDATE a SET [ReplaceIdLelang] = [ReplaceIdLelang] + ' - ' +CONVERT(VARCHAR(15),c.InsertedDate,106) FROM #tmp_blotter a JOIN dbo.SecurityReplaceTrxLelang_TT b WITH(NOLOCK) ON b.IdLelang_Source = a.IdLelang JOIN dbo.SecurityTrxLelang_TT c WITH(NOLOCK) ON b.IdLelang = c.IdLelang WHERE a.IdLelang IS NOT NULL END",UPDATE,true,false,false,,4,5cd000cf2f522715a842f979854383214a1f3b92,code,go,go,,,r.db_trs,,MEDIUM,go3/bond_transaction_repository.go,70
golang-sample,go3/bond_transaction_repository.go,bond_transaction_repository.go,GetSecondaryTransactionBlotter,639,639,UPDATE tmp SET NIKNamaInputter = RTRIM(tmp.NIKInputter) + '-' + RTRIM(u.fullname) FROM #tmp_blotter tmp INNER JOIN dbo.user_nisp_v u ON tmp.NIKInputter = u.nik,UPDATE tmp SET NIKNamaInputter = RTRIM(tmp.NIKInputter) + '-' + RTRIM(u.fullname) FROM #tmp_blotter tmp INNER JOIN dbo.user_nisp_v u ON tmp.NIKInputter = u.nik,UPDATE,true,false,false,,3,5de6839de1573599d2345d28cd8320eaffbd4d2f,code,go,go,,,r.db_trs,,MEDIUM,go3/bond_transaction_repository.go,70
golang-sample,go3/bond_transaction_repository.go,bond_transaction_repository.go,GetSecondaryTransactionBlotter,639,639,UPDATE tmp SET NIKNamaSeller = RTRIM(tmp.NIKSeller) + '-' + RTRIM(u.fullname) FROM #tmp_blotter tmp INNER JOIN dbo.user_nisp_v u ON tmp.NIKSeller = u.nik,UPDATE tmp SET NIKNamaSeller = RTRIM(tmp.NIKSeller) + '-' + RTRIM(u.fullname) FROM #tmp_blotter tmp INNER JOIN dbo.user_nisp_v u ON tmp.NIKSeller = u.nik,UPDATE,true,false,false,,3,6a5746560f62551609dd62a9eb7a889c0835529c,code,go,go,,,r.db_trs,,MEDIUM,go3/bond_transaction_repository.go,70
golang-sample,go3/bond_transaction_repository.go,bond_transaction_repository.go,GetSecondaryTransactionBlotter,639,639,UPDATE #tmp_blotter SET Kurs = 1 WHERE Currency = 'IDR',UPDATE #tmp_blotter SET Kurs = 1 WHERE Currency = 'IDR',UPDATE,true,false,false,,1,7de8d778e09de14cae695fcfa58deb79ed165478,code,go,go,,,r.db_trs,,MEDIUM,go3/bond_transaction_repository.go,70
golang-sample,go3/bond_transaction_repository.go,bond_transaction_repository.go,GetSecondaryTransactionBlotter,639,639,"UPDATE a SET [ReplaceIdLelang] = STUFF( ( SELECT DISTINCT ',' + CAST(IdLelang AS VARCHAR(19)) FROM dbo.SecurityReplaceTrxLelang_TT WITH(NOLOCK) WHERE IdLelang_Source = a.IdLelang FOR XML PATH ('') ), 1, 1, '' ) FROM #tmp_blotter a WHERE a.IdLelang IS NOT NULL","UPDATE a SET [ReplaceIdLelang] = STUFF( ( SELECT DISTINCT ',' + CAST(IdLelang AS VARCHAR(19)) FROM dbo.SecurityReplaceTrxLelang_TT WITH(NOLOCK) WHERE IdLelang_Source = a.IdLelang FOR XML PATH ('') ), 1, 1, '' ) FROM #tmp_blotter a WHERE a.IdLelang IS NOT NULL",UPDATE,true,false,false,,3,877a55e8fc49332489faf4c0821cd0da60eeb4c9,code,go,go,,,r.db_trs,,MEDIUM,go3/bond_transaction_repository.go,70
golang-sample,go3/bond_transaction_repository.go,bond_transaction_repository.go,GetSecondaryTransactionBlotter,639,639,UPDATE tmp SET NIKMarketing = ea.MOId FROM #tmp_blotter tmp INNER JOIN dbo.EACustomerFlagging_TM_v ea ON tmp.PBEACustomerId = ea.CustomerId,UPDATE tmp SET NIKMarketing = ea.MOId FROM #tmp_blotter tmp INNER JOIN dbo.EACustomerFlagging_TM_v ea ON tmp.PBEACustomerId = ea.CustomerId,UPDATE,true,false,false,,3,b34a41263228be75dda72b7a4f7aeb0934eb33d8,code,go,go,,,r.db_trs,,MEDIUM,go3/bond_transaction_repository.go,70
golang-sample,go3/bond_transaction_repository.go,bond_transaction_repository.go,GetSecondaryTransactionBlotter,639,639,"UPDATE bl SET MurexNoKemenkeu = tr.MurexNoKemenkeu ,MurexNoTrader = tr.MurexNoTrader FROM #tmp_blotter bl JOIN SecurityReplaceTrxLelang_TT rep ON bl.IdLelang = rep.IdLelang JOIN dbo.[SecurityTrxResultLelang_TT] tt ON rep.IdLelang_Source = tt.IdLelang JOIN dbo.SecurityBatchResult_TR tr ON tt.ResultId = tr.ResultId AND tt.Instruction = tr.BatchType WHERE tt.StatusData = 'EXC' IF EXISTS(SELECT TOP 1 1 FROM #tmp_blotter a JOIN dbo.SecurityReplaceTrxLelang_TT b WITH(NOLOCK) ON b.IdLelang_Source = a.IdLelang WHERE b.IdLelang IS NOT NULL AND @pcTrxType <> 'Sekunder' ) BEGIN","UPDATE bl SET MurexNoKemenkeu = tr.MurexNoKemenkeu ,MurexNoTrader = tr.MurexNoTrader FROM #tmp_blotter bl JOIN SecurityReplaceTrxLelang_TT rep ON bl.IdLelang = rep.IdLelang JOIN dbo.[SecurityTrxResultLelang_TT] tt ON rep.IdLelang_Source = tt.IdLelang JOIN dbo.SecurityBatchResult_TR tr ON tt.ResultId = tr.ResultId AND tt.Instruction = tr.BatchType WHERE tt.StatusData = 'EXC' IF EXISTS(SELECT TOP 1 1 FROM #tmp_blotter a JOIN dbo.SecurityReplaceTrxLelang_TT b WITH(NOLOCK) ON b.IdLelang_Source = a.IdLelang WHERE b.IdLelang IS NOT NULL AND @pcTrxType <> 'Sekunder' ) BEGIN",UPDATE,true,false,false,,5,b76da2734a0c4e19b0a9f89d31b099b9883b53d3,code,go,go,,,r.db_trs,,MEDIUM,go3/bond_transaction_repository.go,70
golang-sample,go3/bond_transaction_repository.go,bond_transaction_repository.go,GetSecondaryTransactionBlotter,639,639,UPDATE tmp SET RevenueInIDR = hr.ProfitLCY FROM #tmp_blotter tmp JOIN dbo.TRSHasilRevenue_TM AS hr ON tmp.DealId = hr.DealId,UPDATE tmp SET RevenueInIDR = hr.ProfitLCY FROM #tmp_blotter tmp JOIN dbo.TRSHasilRevenue_TM AS hr ON tmp.DealId = hr.DealId,UPDATE,true,false,false,,3,be4acfef514b2bee598421718d6dd31ab40fab64,code,go,go,,,r.db_trs,,MEDIUM,go3/bond_transaction_repository.go,70
golang-sample,go3/bond_transaction_repository.go,bond_transaction_repository.go,GetSecondaryTransactionBlotter,639,639,"UPDATE bl SET [DealId] = tt.DealId ,[Status] = sts.[Description] FROM #tmp_blotter bl JOIN dbo.SecurityTransaction_TT tt ON bl.IdLelang = tt.IdLelang JOIN dbo.SecurityTransactionStatus_TM sts ON tt.TrxStatus = sts.Id WHERE bl.[TransactionType] = 'Sell' AND tt.IsLelang = 1 AND tt.TrxDate >= DATEADD(day,-7,@pdFrom) AND tt.TrxDate < DATEADD(day,7,@pdTo)","UPDATE bl SET [DealId] = tt.DealId ,[Status] = sts.[Description] FROM #tmp_blotter bl JOIN dbo.SecurityTransaction_TT tt ON bl.IdLelang = tt.IdLelang JOIN dbo.SecurityTransactionStatus_TM sts ON tt.TrxStatus = sts.Id WHERE bl.[TransactionType] = 'Sell' AND tt.IsLelang = 1 AND tt.TrxDate >= DATEADD(day,-7,@pdFrom) AND tt.TrxDate < DATEADD(day,7,@pdTo)",UPDATE,true,false,false,,4,dbcd38ea764ca8e2aac3b2780c0ec6ad433f0e9d,code,go,go,,,r.db_trs,,MEDIUM,go3/bond_transaction_repository.go,70
golang-sample,go3/bond_transaction_repository.go,bond_transaction_repository.go,GetSecondaryTransactionBlotter,639,639,"UPDATE tmp SET BondType = CASE WHEN sm.IsCorporateBond = 0 AND sm.SecType != 3 THEN 'GOV' WHEN sm.IsCorporateBond = 0 AND sm.SecType = 3 THEN 'SRBI' ELSE 'CORP' END FROM #tmp_blotter tmp JOIN dbo.SecurityMaster_TM sm WITH(NOLOCK) ON tmp.SecId = sm.SecId SELECT [DealId] ,IdLelang ,[SecurityAcctNo] ,[TransactionType] ,[ProductName] ,[TipeBenefit] ,[Name] ,[BranchTransaksi] ,[Currency] ,[FaceValue] ,HargaModal ,[DealPrice] ,[AccruedInterest] ,[TotalProceed] ,SumberDana ,[TanggalTransaksi] ,[SettlementDate] ,[DealNoMurex] ,[Status] ,[Instruksi] ,[ReplaceIdLelang] ,MurexNoKemenkeu ,MurexNoTrader ,NIKNamaInputter ,NIKNamaSeller ,NIKNamaMarketing ,CONVERT(VARCHAR(30),CONVERT(MONEY,RevenueInIDR),1) AS RevenueInIDR ,BondType FROM #tmp_blotter IF OBJECT_ID('tempdb..#tmp_blotter') IS NOT NULL DROP TABLE #tmp_blotter IF OBJECT_ID('tempdb..#tmp_SOF') IS NOT NULL DROP TABLE #tmp_SOF IF OBJECT_ID('tempdb..#tmpSumberDana') IS NOT NULL DROP TABLE #tmpSumberDana","UPDATE tmp SET BondType = CASE WHEN sm.IsCorporateBond = 0 AND sm.SecType != 3 THEN 'GOV' WHEN sm.IsCorporateBond = 0 AND sm.SecType = 3 THEN 'SRBI' ELSE 'CORP' END FROM #tmp_blotter tmp JOIN dbo.SecurityMaster_TM sm WITH(NOLOCK) ON tmp.SecId = sm.SecId SELECT [DealId] ,IdLelang ,[SecurityAcctNo] ,[TransactionType] ,[ProductName] ,[TipeBenefit] ,[Name] ,[BranchTransaksi] ,[Currency] ,[FaceValue] ,HargaModal ,[DealPrice] ,[AccruedInterest] ,[TotalProceed] ,SumberDana ,[TanggalTransaksi] ,[SettlementDate] ,[DealNoMurex] ,[Status] ,[Instruksi] ,[ReplaceIdLelang] ,MurexNoKemenkeu ,MurexNoTrader ,NIKNamaInputter ,NIKNamaSeller ,NIKNamaMarketing ,CONVERT(VARCHAR(30),CONVERT(MONEY,RevenueInIDR),1) AS RevenueInIDR ,BondType FROM #tmp_blotter IF OBJECT_ID('tempdb..#tmp_blotter') IS NOT NULL DROP TABLE #tmp_blotter IF OBJECT_ID('tempdb..#tmp_SOF') IS NOT NULL DROP TABLE #tmp_SOF IF OBJECT_ID('tempdb..#tmpSumberDana') IS NOT NULL DROP TABLE #tmpSumberDana",UPDATE,true,false,false,,3,ec2f133e4ab9f9ed2b8451ca723a30c0b5f43979,code,go,go,,,r.db_trs,,MEDIUM,go3/bond_transaction_repository.go,70
golang-sample,go3/bond_transaction_repository.go,bond_transaction_repository.go,GetSecondaryTransactionBlotter,639,639,UPDATE tmp SET NIKMarketing = pb.UserId FROM #tmp_blotter tmp INNER JOIN dbo.PBCustomerFlagging_TM_v pb ON tmp.PBEACustomerId = pb.CustomerId,UPDATE tmp SET NIKMarketing = pb.UserId FROM #tmp_blotter tmp INNER JOIN dbo.PBCustomerFlagging_TM_v pb ON tmp.PBEACustomerId = pb.CustomerId,UPDATE,true,false,false,,3,f46badf32e6a63126825bc07fc05c9b16e05888e,code,go,go,,,r.db_trs,,MEDIUM,go3/bond_transaction_repository.go,70
golang-sample,go3/bond_transaction_repository.go,bond_transaction_repository.go,GetSecondaryTransactionStatus,41,41,"SELECT Id,Description FROM dbo.SecurityTransactionStatus_TM ORDER BY Id","SELECT Id,Description FROM dbo.SecurityTransactionStatus_TM ORDER BY Id",SELECT,false,false,false,,1,48e5c14ee1ef990fff05a5723c1ba03146a0cba1,code,go,go,,,r.db_trs,,LOW,go3/bond_transaction_repository.go,40
golang-sample,go3/refundBillingQueries_manual.sql.go,refundBillingQueries_manual.sql.go,go3/refundBillingQueries_manual.sql.go@L15,15,15,"-- name: ExecBASelectRefundBilling :many
exec BA_SelectRefundBilling @p1
",exec BA_SelectRefundBilling @p1,EXEC,true,false,false,,1,09e3f5e7c70f4edd069a225b1172391461671c3f,code,go,go,,,,,MEDIUM,go3/refundBillingQueries_manual.sql.go,15
golang-sample,go3/refundBillingQueries_manual.sql.go,refundBillingQueries_manual.sql.go,ExecBASelectRefundBilling,49,49,"-- name: ExecBASelectRefundBilling :many
exec BA_SelectRefundBilling @p1
",exec BA_SelectRefundBilling @p1,EXEC,true,false,false,,1,09e3f5e7c70f4edd069a225b1172391461671c3f,code,go,go,,,ctx,,MEDIUM,go3/refundBillingQueries_manual.sql.go,15
